240444,University of Wisconsin-Madison,"Madison, WI",custom
145637,University of Illinois Urbana-Champaign,"Champaign, IL",custom
204796,Ohio State University-Main Campus,"Columbus, OH",custom
104179,University of Arizona,"Tucson, AZ",custom
243780,Purdue University-Main Campus,"West Lafayette, IN",custom
151351,Indiana University-Bloomington,"Bloomington, IN",custom
228723,Texas A & M University-College Station,"College Station, TX",custom
228778,The University of Texas at Austin,"Austin, TX",custom
134130,University of Florida,"Gainesville, FL",custom
215293,University of Pittsburgh-Pittsburgh Campus,"Pittsburgh, PA",custom
196097,Stony Brook University,"Stony Brook, NY",custom
209551,University of Oregon,"Eugene, OR",custom
171100,Michigan State University,"East Lansing, MI",custom
199120,University of North Carolina at Chapel Hill,"Chapel Hill, NC",custom
139658,Emory University,"Atlanta, GA",custom
110635,University of California-Berkeley,"Berkeley, CA",automatic
110680,University of California-San Diego,"La Jolla, CA",automatic
186380,Rutgers University-New Brunswick,"New Brunswick, NJ",custom
144050,University of Chicago,"Chicago, IL",custom
130794,Yale University,"New Haven, CT",custom
215062,University of Pennsylvania,"Philadelphia, PA",custom
201885,University of Cincinnati-Main Campus,"Cincinnati, OH",custom
110705,University of California-Santa Barbara,"Santa Barbara, CA",automatic
234076,University of Virginia-Main Campus,"Charlottesville, VA",custom
153658,University of Iowa,"Iowa City, IA",custom
166629,University of Massachusetts-Amherst,"Amherst, MA",custom
214777,Pennsylvania State University-Main Campus,"University Park, PA",custom
227757,Rice University,"Houston, TX",custom
196468,Teachers College at Columbia University,"New York, NY",automatic
207971,University of Tulsa,"Tulsa, OK",custom
131159,American University,"Washington, DC",custom
110404,California Institute of Technology,"Pasadena, CA",custom
110671,University of California-Riverside,"Riverside, CA",automatic
163286,University of Maryland-College Park,"College Park, MD",custom
131469,George Washington University,"Washington, DC",custom
167358,Northeastern University,"Boston, MA",custom
233921,Virginia Polytechnic Institute and State University,"Blacksburg, VA",custom
144740,DePaul University,"Chicago, IL",custom
243744,Stanford University,"Stanford, CA",custom
106397,University of Arkansas,"Fayetteville, AR",custom
181002,Creighton University,"Omaha, NE",custom
111948,Chapman University,"Orange, CA",custom
176017,University of Mississippi,"University, MS",custom
218663,University of South Carolina-Columbia,"Columbia, SC",custom
212054,Drexel University,"Philadelphia, PA",automatic
161457,University of New England,"Biddeford, ME",custom
206622,Xavier University,"Cincinnati, OH",custom
131520,Howard University,"Washington, DC",automatic
217882,Clemson University,"Clemson, SC",custom
145725,Illinois Institute of Technology,"Chicago, IL",custom
152080,University of Notre Dame,"Notre Dame, IN",custom
146719,Loyola University Chicago,"Chicago, IL",custom
110662,University of California-Los Angeles,"Los Angeles, CA",automatic
104151,Arizona State University Campus Immersion,"Tempe, AZ",custom
210739,DeSales University,"Center Valley, PA",custom
228875,Texas Christian University,"Fort Worth, TX",automatic
190150,Columbia University in the City of New York,"New York, NY",automatic
122436,University of San Diego,"San Diego, CA",custom
231174,University of Vermont,"Burlington, VT",custom
145600,University of Illinois Chicago,"Chicago, IL",custom
190567,CUNY City College,"New York, NY",custom
167260,Nichols College,"Dudley, MA",custom
122612,University of San Francisco,"San Francisco, CA",custom
164739,Bentley University,"Waltham, MA",custom
194824,Rensselaer Polytechnic Institute,"Troy, NY",custom
190044,Clarkson University,"Potsdam, NY",custom
216278,Susquehanna University,"Selinsgrove, PA",custom
110510,California State University-San Bernardino,"San Bernardino, CA",custom
198419,Duke University,"Durham, NC",automatic
100751,The University of Alabama,"Tuscaloosa, AL",custom
162928,Johns Hopkins University,"Baltimore, MD",custom
167899,Springfield College,"Springfield, MA",custom
482149,Augusta University,"Augusta, GA",custom
216524,Ursinus College,"Collegeville, PA",custom
213543,Lehigh University,"Bethlehem, PA",custom
162654,Goucher College,"Baltimore, MD",custom
171571,Oakland University,"Rochester Hills, MI",custom
150163,Butler University,"Indianapolis, IN",custom
213367,La Salle University,"Philadelphia, PA",custom
155317,University of Kansas,"Lawrence, KS",custom
139931,Georgia Southern University,"Statesboro, GA",custom
168227,Wentworth Institute of Technology,"Boston, MA",custom
102377,Tuskegee University,"Tuskegee, AL",custom
153108,Central College,"Pella, IA",custom
106245,University of Arkansas at Little Rock,"Little Rock, AR",custom
164988,Boston University,"Boston, MA",custom
199218,University of North Carolina Wilmington,"Wilmington, NC",custom
223232,Baylor University,"Waco, TX",custom
194310,Pace University,"New York, NY",custom
164492,Anna Maria College,"Paxton, MA",custom
117946,Loyola Marymount University,"Los Angeles, CA",custom
163046,Loyola University Maryland,"Baltimore, MD",custom
216597,Villanova University,"Villanova, PA",custom
166638,University of Massachusetts-Boston,"Boston, MA",custom
196079,Binghamton University,"Vestal, NY",custom
169983,Kettering University,"Flint, MI",custom
228796,The University of Texas at El Paso,"El Paso, TX",custom
192448,Long Island University,"Brookville, NY",custom
188030,New Mexico State University-Main Campus,"Las Cruces, NM",custom
172644,Wayne State University,"Detroit, MI",custom
213996,Messiah University,"Mechanicsburg, PA",custom
409315,South Texas College,"McAllen, TX",custom
165529,Curry College,"Milton, MA",custom
230038,Brigham Young University,"Provo, UT",custom
162760,Hood College,"Frederick, MD",custom
236595,Seattle University,"Seattle, WA",custom
168005,Suffolk University,"Boston, MA",custom
179043,Rockhurst University,"Kansas City, MO",custom
168263,Westfield State University,"Westfield, MA",custom
193353,Mount Saint Mary College,"Newburgh, NY",custom
195173,St. Francis College,"Brooklyn, NY",custom
228459,Texas State University,"San Marcos, TX",custom
195243,St. Thomas Aquinas College,"Sparkill, NY",custom
196103,SUNY College of Environmental Science and Forestry,"Syracuse, NY",custom
198835,Lenoir-Rhyne University,"Hickory, NC",custom
191241,Fordham University,"Bronx, NY",custom
136215,Nova Southeastern University,"Fort Lauderdale, FL",custom
207388,Oklahoma State University-Main Campus,"Stillwater, OK",custom
173665,Hamline University,"Saint Paul, MN",custom
215770,Saint Joseph's University,"Philadelphia, PA",custom
228529,Tarleton State University,"Stephenville, TX",custom
159647,Louisiana Tech University,"Ruston, LA",custom
102094,University of South Alabama,"Mobile, AL",custom
134097,Florida State University,"Tallahassee, FL",custom
182670,Dartmouth College,"Hanover, NH",custom
178396,University of Missouri-Columbia,"Columbia, MO",custom
168546,Albion College,"Albion, MI",custom
195216,St Lawrence University,"Canton, NY",custom
115755,California State Polytechnic University-Humboldt,"Arcata, CA",custom
191676,Houghton University,"Houghton, NY",custom
157085,University of Kentucky,"Lexington, KY",custom
163462,Mount St. Mary's University,"Emmitsburg, MD",custom
213251,Juniata College,"Huntingdon, PA",custom
165334,Clark University,"Worcester, MA",custom
232308,Hollins University,"Roanoke, VA",custom
125727,Westmont College,"Santa Barbara, CA",custom
169080,Calvin University,"Grand Rapids, MI",custom
217165,Bryant University,"Smithfield, RI",custom
152390,Saint Mary's College,"Notre Dame, IN",custom
215798,Saint Vincent College,"Latrobe, PA",custom
186399,Rutgers University-Newark,"Newark, NJ",custom
118888,Northeastern University Oakland,"Oakland, CA",custom
209056,Lewis & Clark College,"Portland, OR",custom
236577,Seattle Pacific University,"Seattle, WA",custom
198622,Guilford Technical Community College,"Jamestown, NC",custom
186432,Saint Peter's University,"Jersey City, NJ",custom
165024,Bridgewater State University,"Bridgewater, MA",automatic
178697,College of the Ozarks,"Point Lookout, MO",custom
190099,Colgate University,"Hamilton, NY",custom
238476,Carthage College,"Kenosha, WI",custom
166939,Mount Holyoke College,"South Hadley, MA",custom
227368,The University of Texas Rio Grande Valley,"Edinburg, TX",custom
214157,Moravian University,"Bethlehem, PA",custom
110574,California State University-East Bay,"Hayward, CA",automatic
160755,Tulane University of Louisiana,"New Orleans, LA",custom
211088,Arcadia University,"Glenside, PA",automatic
121150,Pepperdine University,"Malibu, CA",custom
140447,Mercer University,"Macon, GA",custom
211556,Chatham University,"Pittsburgh, PA",custom
172699,Western Michigan University,"Kalamazoo, MI",custom
122597,San Francisco State University,"San Francisco, CA",automatic
210669,Allegheny College,"Meadville, PA",automatic
204264,Muskingum University,"New Concord, OH",automatic
190664,CUNY Queens College,"Queens, NY",custom
143084,Augustana College,"Rock Island, IL",custom
239105,Marquette University,"Milwaukee, WI",custom
240453,University of Wisconsin-Milwaukee,"Milwaukee, WI",custom
216764,West Chester University of Pennsylvania,"West Chester, PA",custom
168786,Aquinas College,"Grand Rapids, MI",custom
229179,Texas Woman's University,"Denton, TX",custom
129525,University of Hartford,"West Hartford, CT",automatic
445188,University of California-Merced,"Merced, CA",automatic
209807,Portland State University,"Portland, OR",custom
191515,Hamilton College,"Clinton, NY",custom
190637,CUNY Lehman College,"Bronx, NY",automatic
190549,CUNY Brooklyn College,"Brooklyn, NY",automatic
222178,Abilene Christian University,"Abilene, TX",custom
110556,California State University-Fresno,"Fresno, CA",automatic
165671,Emmanuel College,"Boston, MA",custom
190725,Daemen University,"Amherst, NY",automatic
100858,Auburn University,"Auburn, AL",custom
201654,Cedarville University,"Cedarville, OH",custom
366711,California State University-San Marcos,"San Marcos, CA",custom
150066,Anderson University,"Anderson, IN",custom
173045,Augsburg University,"Minneapolis, MN",custom
164270,McDaniel College,"Westminster, MD",custom
136172,University of North Florida,"Jacksonville, FL",custom
130493,Southern Connecticut State University,"New Haven, CT",custom
161086,Colby College,"Waterville, ME",custom
154095,University of Northern Iowa,"Cedar Falls, IA",custom
131496,Georgetown University,"Washington, DC",custom
128902,Connecticut College,"New London, CT",custom
498571,Pennsylvania Western University,"California, PA",custom
190761,Dominican University New York,"Orangeburg, NY",custom
226471,University of Mary Hardin-Baylor,"Belton, TX",custom
200280,University of North Dakota,"Grand Forks, ND",custom
166674,Massachusetts College of Art and Design,"Boston, MA",custom
231581,Bridgewater College,"Bridgewater, VA",custom
238032,West Virginia University,"Morgantown, WV",custom
230764,University of Utah,"Salt Lake City, UT",custom
218070,Furman University,"Greenville, SC",custom
206525,Wittenberg University,"Springfield, OH",custom
204857,Ohio University-Main Campus,"Athens, OH",custom
102049,Samford University,"Birmingham, AL",custom
195474,Siena College,"Loudonville, NY",custom
120254,Occidental College,"Los Angeles, CA",custom
111188,California State University Maritime Academy,"Vallejo, CA",automatic
213400,Lancaster Bible College,"Lancaster, PA",custom
167598,Regis College,"Weston, MA",custom
167783,Simmons University,"Boston, MA",custom
111081,California Institute of the Arts,"Valencia, CA",custom
229814,West Texas A & M University,"Canyon, TX",automatic
174233,University of Minnesota-Duluth,"Duluth, MN",custom
129242,Fairfield University,"Fairfield, CT",custom
109785,Azusa Pacific University,"Azusa, CA",custom
150677,Grace College and Theological Seminary,"Winona Lake, IN",custom
199412,Queens University of Charlotte,"Charlotte, NC",custom
179557,Southeast Missouri State University,"Cape Girardeau, MO",custom
236230,Pacific Lutheran University,"Tacoma, WA",custom
182795,Franklin Pierce University,"Rindge, NH",custom
141574,University of Hawaii at Manoa,"Honolulu, HI",custom
227845,Saint Edward's University,"Austin, TX",custom
123572,Sonoma State University,"Rohnert Park, CA",custom
199333,Pitt Community College,"Winterville, NC",automatic
239017,Lawrence University,"Appleton, WI",custom
203517,Kent State University at Kent,"Kent, OH",custom
117140,University of La Verne,"La Verne, CA",custom
163578,Notre Dame of Maryland University,"Baltimore, MD",automatic
189705,Canisius University,"Buffalo, NY",custom
147660,North Central College,"Naperville, IL",custom
227881,Sam Houston State University,"Huntsville, TX",custom
145813,Illinois State University,"Normal, IL",custom
153144,Coe College,"Cedar Rapids, IA",custom
167835,Smith College,"Northampton, MA",custom
193654,The New School,"New York, NY",custom
218724,Coastal Carolina University,"Conway, SC",custom
213020,Indiana University of Pennsylvania-Main Campus,"Indiana, PA",custom
154013,Mount Mercy University,"Cedar Rapids, IA",automatic
237525,Marshall University,"Huntington, WV",custom
211291,Bucknell University,"Lewisburg, PA",custom
106704,University of Central Arkansas,"Conway, AR",custom
196149,State University of New York at Cortland,"Cortland, NY",automatic
240471,University of Wisconsin-River Falls,"River Falls, WI",custom
102614,University of Alaska Fairbanks,"Fairbanks, AK",custom
151102,Purdue University Fort Wayne,"Fort Wayne, IN",custom
135717,Miami Dade College,"Miami, FL",custom
225548,Howard Payne University,"Brownwood, TX",automatic
190983,Elmira College,"Elmira, NY",custom
221838,Tennessee State University,"Nashville, TN",custom
225511,University of Houston,"Houston, TX",custom
192864,Marymount Manhattan College,"New York, NY",custom
114789,Fresno City College,"Fresno, CA",automatic
110653,University of California-Irvine,"Irvine, CA",automatic
211440,Carnegie Mellon University,"Pittsburgh, PA",custom
240277,University of Wisconsin-Green Bay,"Green Bay, WI",custom
217493,Rhode Island School of Design,"Providence, RI",custom
209542,Oregon State University,"Corvallis, OR",custom
200059,Dickinson State University,"Dickinson, ND",custom
168528,Adrian College,"Adrian, MI",automatic
138868,Point University,"West Point, GA",custom
234030,Virginia Commonwealth University,"Richmond, VA",custom
211273,Bryn Mawr College,"Bryn Mawr, PA",automatic
247834,Collin County Community College District,"McKinney, TX",custom
199102,North Carolina A & T State University,"Greensboro, NC",custom
195030,University of Rochester,"Rochester, NY",custom
232946,Northern Virginia Community College,"Annandale, VA",custom
230959,Middlebury College,"Middlebury, VT",custom
201371,Bluffton University,"Bluffton, OH",custom
214069,Misericordia University,"Dallas, PA",custom
224147,Texas A & M University-Corpus Christi,"Corpus Christi, TX",custom
492801,Drury University-College of Continuing Professional Studies,"Springfield, MO",automatic
199281,University of North Carolina at Pembroke,"Pembroke, NC",custom
157076,Kentucky Wesleyan College,"Owensboro, KY",custom
190576,CUNY Graduate School and University Center,"New York, NY",custom
119058,Middlebury Institute of International Studies at Monterey,"Monterey, CA",automatic
110592,California State University-Los Angeles,"Los Angeles, CA",custom
165699,Endicott College,"Beverly, MA",custom
102553,University of Alaska Anchorage,"Anchorage, AK",custom
161235,University of Maine at Fort Kent,"Fort Kent, ME",custom
159656,Loyola University New Orleans,"New Orleans, LA",custom
190558,College of Staten Island CUNY,"Staten Island, NY",custom
175421,Belhaven University,"Jackson, MS",custom
177214,Drury University,"Springfield, MO",custom
155061,Fort Hays State University,"Hays, KS",custom
220613,Lee University,"Cleveland, TN",custom
199494,Rowan-Cabarrus Community College,"Salisbury, NC",custom
174783,Saint Cloud State University,"Saint Cloud, MN",custom
180416,Montana Technological University,"Butte, MT",custom
207403,Oklahoma Baptist University,"Shawnee, OK",custom
161253,University of Maine,"Orono, ME",custom
217873,Claflin University,"Orangeburg, SC",custom
141796,Kapiolani Community College,"Honolulu, HI",custom
225423,Houston Community College,"Houston, TX",custom
219471,University of South Dakota,"Vermillion, SD",custom
107080,Hendrix College,"Conway, AR",custom
217402,Providence College,"Providence, RI",automatic
161767,Anne Arundel Community College,"Arnold, MD",custom
123165,Scripps College,"Claremont, CA",custom
140720,Paine College,"Augusta, GA",automatic
189097,Barnard College,"New York, NY",custom
142285,University of Idaho,"Moscow, ID",custom
231624,William & Mary,"Williamsburg, VA",custom
166692,Massachusetts Maritime Academy,"Buzzards Bay, MA",automatic
104586,Embry-Riddle Aeronautical University-Prescott,"Prescott, AZ",custom
232681,University of Mary Washington,"Fredericksburg, VA",custom
198987,Mitchell Community College,"Statesville, NC",custom
147378,Moraine Valley Community College,"Palos Hills, IL",custom
198774,Johnston Community College,"Smithfield, NC",custom
181303,Metropolitan Community College Area,"Omaha, NE",automatic
245652,St. John's College,"Santa Fe, NM",custom
131113,Wilmington University,"New Castle, DE",automatic
204909,Ohio Wesleyan University,"Delaware, OH",custom
143215,Southwestern Illinois College,"Belleville, IL",custom
233301,Randolph College,"Lynchburg, VA",custom
224323,University of Dallas,"Irving, TX",custom
218061,Francis Marion University,"Florence, SC",custom
216807,Westminster College,"New Wilmington, PA",custom
151306,University of Southern Indiana,"Evansville, IN",custom
133492,Eckerd College,"Saint Petersburg, FL",custom
199087,Nash Community College,"Rocky Mount, NC",automatic
240329,University of Wisconsin-La Crosse,"La Crosse, WI",custom
224226,Dallas Baptist University,"Dallas, TX",automatic
434061,South Louisiana Community College,"Lafayette, LA",custom
157818,Transylvania University,"Lexington, KY",custom
212832,Gwynedd Mercy University,"Gwynedd Valley, PA",automatic
144564,Danville Area Community College,"Danville, IL",custom
207263,Northeastern State University,"Tahlequah, OK",custom
196158,SUNY at Fredonia,"Fredonia, NY",custom
154493,Upper Iowa University,"Fayette, IA",custom
153524,Iowa Central Community College,"Fort Dodge, IA",automatic
157535,University of Pikeville,"Pikeville, KY",custom
178721,Park University,"Parkville, MO",automatic
232256,Hampden-Sydney College,"Hampden-Sydney, VA",custom
122506,San Francisco Conservatory of Music,"San Francisco, CA",custom
199838,Vance-Granville Community College,"Henderson, NC",automatic
444130,Northcentral University,"San Diego, CA",automatic
144005,Chicago State University,"Chicago, IL",automatic
199740,Stanly Community College,"Albemarle, NC",custom
224110,North Central Texas College,"Gainesville, TX",custom
144157,City Colleges of Chicago-Kennedy-King College,"Chicago, IL",custom
200156,University of Jamestown,"Jamestown, ND",automatic
165574,Dean College,"Franklin, MA",custom
161545,Southern Maine Community College,"South Portland, ME",custom
174136,Minneapolis Community and Technical College,"Minneapolis, MN",custom
160621,Southern University and A & M College,"Baton Rouge, LA",custom
151360,Indiana University-Northwest,"Gary, IN",custom
199069,University of Mount Olive,"Mount Olive, NC",custom
150400,DePauw University,"Greencastle, IN",custom
147776,Northeastern Illinois University,"Chicago, IL",custom
142276,Idaho State University,"Pocatello, ID",custom
219709,Belmont University,"Nashville, TN",custom
206084,University of Toledo,"Toledo, OH",custom
215114,Cairn University-Langhorne,"Langhorne, PA",custom
237358,Davis & Elkins College,"Elkins, WV",automatic
226091,Lamar University,"Beaumont, TX",custom
150145,Bethel University,"Mishawaka, IN",custom
139153,Beulah Heights University,"Atlanta, GA",custom
170037,Cornerstone University,"Grand Rapids, MI",custom
420398,Northwest Vista College,"San Antonio, TX",custom
119678,Naval Postgraduate School,"Monterey, CA",automatic
482936,Florida Polytechnic University,"Lakeland, FL",custom
206437,Walsh University,"North Canton, OH",custom
140988,Shorter University,"Rome, GA",custom
115126,Golden West College,"Huntington Beach, CA",automatic
123013,Santa Rosa Junior College,"Santa Rosa, CA",automatic
215442,Point Park University,"Pittsburgh, PA",custom
200217,University of Mary,"Bismarck, ND",custom
110361,California Baptist University,"Riverside, CA",custom
377555,University of Washington-Bothell Campus,"Bothell, WA",automatic
183257,University of New Hampshire College of Professional Studies Online,"Manchester, NH",custom
118912,MiraCosta College,"Oceanside, CA",automatic
167057,The New England Conservatory of Music,"Boston, MA",custom
240462,University of Wisconsin-Platteville,"Platteville, WI",custom
201645,Case Western Reserve University,"Cleveland, OH",custom
174738,Rochester Community and Technical College,"Rochester, MN",automatic
135364,Luther Rice College & Seminary,"Lithonia, GA",custom
105525,Pima Community College,"Tucson, AZ",custom
235316,Gonzaga University,"Spokane, WA",custom
198950,Meredith College,"Raleigh, NC",custom
202170,Columbus College of Art & Design,"Columbus, OH",custom
159948,New Orleans Baptist Theological Seminary,"New Orleans, LA",custom
104346,Central Arizona College,"Coolidge, AZ",custom
130314,University of Saint Joseph,"West Hartford, CT",custom
111887,Cerritos College,"Norwalk, CA",custom
197027,United States Merchant Marine Academy,"Kings Point, NY",automatic
234155,Virginia State University,"Petersburg, VA",custom
149365,South Suburban College,"South Holland, IL",automatic
136774,Ringling College of Art and Design,"Sarasota, FL",custom
170301,Hope College,"Holland, MI",custom
174817,Saint Mary's University of Minnesota,"Winona, MN",custom
232186,George Mason University,"Fairfax, VA",custom
215743,Saint Francis University,"Loretto, PA",custom
133650,Florida Agricultural and Mechanical University,"Tallahassee, FL",custom
165167,Cambridge College,"Boston, MA",custom
138187,Valencia College,"Orlando, FL",automatic
110565,California State University-Fullerton,"Fullerton, CA",custom
237312,University of Charleston,"Charleston, WV",custom
205957,Franciscan University of Steubenville,"Steubenville, OH",custom
209065,Linfield University,"McMinnville, OR",custom
202806,Franklin University,"Columbus, OH",custom
215929,University of Scranton,"Scranton, PA",custom
167312,North Shore Community College,"Danvers, MA",custom
145646,Illinois Wesleyan University,"Bloomington, IL",custom
129020,University of Connecticut,"Storrs, CT",custom
130943,University of Delaware,"Newark, DE",custom
193584,Nazareth University,"Rochester, NY",custom
106458,Arkansas State University,"Jonesboro, AR",custom
180948,Chadron State College,"Chadron, NE",custom
126669,Colorado Christian University,"Lakewood, CO",automatic
195720,St. John Fisher University,"Rochester, NY",custom
218238,Limestone University,"Gaffney, SC",custom
220181,Fisk University,"Nashville, TN",custom
106148,Yavapai College,"Prescott, AZ",custom
163268,University of Maryland-Baltimore County,"Baltimore, MD",custom
176080,Mississippi State University,"Mississippi State, MS",custom
120537,Hope International University,"Fullerton, CA",custom
150172,Calumet College of Saint Joseph,"Whiting, IN",custom
165936,Gordon College,"Wenham, MA",custom
139968,Gordon State College,"Barnesville, GA",automatic
211024,Clarks Summit University,"Clarks Summit, PA",custom
157757,Spalding University,"Louisville, KY",automatic
227331,Our Lady of the Lake University,"San Antonio, TX",custom
170240,Henry Ford College,"Dearborn, MI",custom
186867,Stevens Institute of Technology,"Hoboken, NJ",custom
227429,Paul Quinn College,"Dallas, TX",custom
196088,University at Buffalo,"Buffalo, NY",custom
138947,Clark Atlanta University,"Atlanta, GA",automatic
196051,SUNY Morrisville,"Morrisville, NY",custom
218858,Central Carolina Technical College,"Sumter, SC",custom
169442,College for Creative Studies,"Detroit, MI",automatic
117645,Long Beach City College,"Long Beach, CA",automatic
227979,San Jacinto Community College,"Pasadena, TX",custom
230861,Community College of Vermont,"Montpelier, VT",custom
121886,Rio Hondo College,"Whittier, CA",custom
132709,Broward College,"Fort Lauderdale, FL",custom
215691,Rosemont College,"Rosemont, PA",custom
142559,College of Southern Idaho,"Twin Falls, ID",automatic
123554,Saint Mary's College of California,"Moraga, CA",custom
170532,Kalamazoo College,"Kalamazoo, MI",custom
156408,Centre College,"Danville, KY",custom
126614,University of Colorado Boulder,"Boulder, CO",custom
228149,St. Mary's University,"San Antonio, TX",custom
181464,University of Nebraska-Lincoln,"Lincoln, NE",custom
151801,Indiana Wesleyan University-Marion,"Marion, IN",custom
141811,Leeward Community College,"Pearl City, HI",custom
218399,Morris College,"Sumter, SC",custom
186584,Seton Hall University,"South Orange, NJ",custom
420440,York County Community College,"Wells, ME",custom
186131,Princeton University,"Princeton, NJ",automatic
158802,Dillard University,"New Orleans, LA",custom
217624,Allen University,"Columbia, SC",automatic
198561,Gardner-Webb University,"Boiling Springs, NC",automatic
156286,Bellarmine University,"Louisville, KY",automatic
152530,Taylor University,"Upland, IN",custom
214652,Pennsylvania State University-Penn State Scranton,"Dunmore, PA",automatic
132657,Lynn University,"Boca Raton, FL",custom
216931,Wilkes University,"Wilkes-Barre, PA",custom
235103,Edmonds College,"Lynnwood, WA",custom
198233,Catawba Valley Community College,"Hickory, NC",automatic
201104,Ashland University,"Ashland, OH",custom
225399,Houston Christian University,"Houston, TX",custom
213349,Kutztown University of Pennsylvania,"Kutztown, PA",automatic
475608,Criswell College,"Dallas, TX",custom
175935,Meridian Community College,"Meridian, MS",custom
202523,Denison University,"Granville, OH",custom
122931,Santa Clara University,"Santa Clara, CA",automatic
224545,Texas A&M University-Texarkana,"Texarkana, TX",automatic
199926,Wilkes Community College,"Wilkesboro, NC",custom
144892,Eastern Illinois University,"Charleston, IL",automatic
238661,Edgewood College,"Madison, WI",custom
117690,Los Angeles Harbor College,"Wilmington, CA",automatic
399212,Santiago Canyon College,"Orange, CA",automatic
114859,Fullerton College,"Fullerton, CA",automatic
209038,Lane Community College,"Eugene, OR",custom
214272,Neumann University,"Aston, PA",custom
485111,Georgia Military College,"Milledgeville, GA",custom
154110,Northeast Iowa Community College,"Calmar, IA",custom
367459,NorthWest Arkansas Community College,"Bentonville, AR",custom
237969,West Virginia Wesleyan College,"Buckhannon, WV",custom
151290,Indiana Institute of Technology,"Fort Wayne, IN",automatic
196200,SUNY College at Potsdam,"Potsdam, NY",custom
171137,University of Michigan-Dearborn,"Dearborn, MI",automatic
154572,Western Iowa Tech Community College,"Sioux City, IA",custom
107071,Henderson State University,"Arkadelphia, AR",automatic
262129,New College of Florida,"Sarasota, FL",custom
204699,Ohio State University-Marion Campus,"Marion, OH",custom
120865,Pacific Union College,"Angwin, CA",custom
111896,Cerro Coso Community College,"Ridgecrest, CA",custom
113193,Cuesta College,"San Luis Obispo, CA",automatic
145691,Illinois College,"Jacksonville, IL",custom
217749,Bob Jones University,"Greenville, SC",custom
240392,Herzing University-Madison,"Madison, WI",automatic
156213,Asbury University,"Wilmore, KY",custom
132693,Eastern Florida State College,"Melbourne, FL",custom
203845,Marietta College,"Marietta, OH",custom
186371,Rutgers University-Camden,"Camden, NJ",custom
120184,Notre Dame de Namur University,"Belmont, CA",custom
172200,Schoolcraft Community College District,"Livonia, MI",custom
225247,Hardin-Simmons University,"Abilene, TX",custom
225627,University of the Incarnate Word,"San Antonio, TX",custom
229504,Vernon College,"Vernon, TX",custom
100812,Athens State University,"Athens, AL",custom
159416,Louisiana State University-Shreveport,"Shreveport, LA",custom
134608,Indian River State College,"Fort Pierce, FL",automatic
196565,Tompkins Cortland Community College,"Dryden, NY",custom
137281,Saint Johns River State College,"Palatka, FL",custom
197993,Bennett College,"Greensboro, NC",custom
238333,Beloit College,"Beloit, WI",custom
175829,Itawamba Community College,"Fulton, MS",custom
156365,Campbellsville University,"Campbellsville, KY",custom
154059,North Iowa Area Community College,"Mason City, IA",automatic
236896,Walla Walla University,"College Place, WA",custom
218654,University of South Carolina Beaufort,"Bluffton, SC",custom
367884,Hodges University,"Fort Myers, FL",automatic
125763,Whittier College,"Whittier, CA",custom
226152,Texas A & M International University,"Laredo, TX",custom
105349,Northland Pioneer College,"Holbrook, AZ",custom
201964,Ohio Christian University,"Circleville, OH",automatic
110714,University of California-Santa Cruz,"Santa Cruz, CA",automatic
220057,Dyersburg State Community College,"Dyersburg, TN",automatic
139205,Brewton-Parker College,"Mount Vernon, GA",custom
164562,Assumption University,"Worcester, MA",custom
102270,Stillman College,"Tuscaloosa, AL",automatic
240374,University of Wisconsin-Parkside,"Kenosha, WI",custom
137351,University of South Florida,"Tampa, FL",custom
446048,Ave Maria University,"Ave Maria, FL",custom
196413,Syracuse University,"Syracuse, NY",custom
151388,Indiana University-East,"Richmond, IN",custom
160579,SOWELA Technical Community College,"Lake Charles, LA",automatic
183150,Great Bay Community College,"Portsmouth, NH",custom
180461,Montana State University,"Bozeman, MT",custom
147244,Millikin University,"Decatur, IL",custom
113573,College of the Desert,"Palm Desert, CA",automatic
139630,Emmanuel University,"Franklin Springs, GA",automatic
204501,Oberlin College,"Oberlin, OH",custom
221184,Nashville State Community College,"Nashville, TN",custom
199184,University of North Carolina School of the Arts,"Winston Salem, NC",custom
135188,Lake-Sumter State College,"Leesburg, FL",custom
140951,Savannah College of Art and Design,"Savannah, GA",custom
195322,Schenectady County Community College,"Schenectady, NY",custom
107664,University of Arkansas-Pulaski Technical College,"North Little Rock, AR",automatic
441900,Nevada State University,"Henderson, NV",custom
213385,Lafayette College,"Easton, PA",custom
199272,William Peace University,"Raleigh, NC",custom
228486,Southwestern Christian College,"Terrell, TX",automatic
234669,Bellevue College,"Bellevue, WA",custom
214379,Northampton County Area Community College,"Bethlehem, PA",custom
101161,Coastal Alabama Community College,"Bay Minette, AL",custom
117247,Laney College,"Oakland, CA",automatic
203085,Heidelberg University,"Tiffin, OH",custom
245838,Antioch University-Los Angeles,"Culver City, CA",automatic
183938,Camden County College,"Blackwood, NJ",custom
384342,Heartland Community College,"Normal, IL",custom
226587,McMurry University,"Abilene, TX",custom
169910,Ferris State University,"Big Rapids, MI",custom
180692,The University of Montana-Western,"Dillon, MT",automatic
218964,Winthrop University,"Rock Hill, SC",custom
206941,University of Central Oklahoma,"Edmond, OK",custom
110617,California State University-Sacramento,"Sacramento, CA",custom
201690,Central State University,"Wilberforce, OH",automatic
166957,Mount Wachusett Community College,"Gardner, MA",automatic
153250,Dordt University,"Sioux Center, IA",custom
105792,South Mountain Community College,"Phoenix, AZ",custom
139199,Brenau University,"Gainesville, GA",automatic
184694,Fairleigh Dickinson University-Florham Campus,"Madison, NJ",custom
145336,Governors State University,"University Park, IL",custom
214971,Pennsylvania Academy of the Fine Arts,"Philadelphia, PA",automatic
165644,Eastern Nazarene College,"Quincy, MA",automatic
133669,Florida Atlantic University,"Boca Raton, FL",custom
213668,Lycoming College,"Williamsport, PA",custom
168254,Western New England University,"Springfield, MA",automatic
182005,College of Southern Nevada,"Las Vegas, NV",custom
113111,Crafton Hills College,"Yucaipa, CA",custom
483045,Central Georgia Technical College,"Warner Robins, GA",custom
409254,Erikson Institute,"Chicago, IL",custom
185509,Mercer County Community College,"West Windsor, NJ",custom
203474,Kent State University at Trumbull,"Warren, OH",automatic
173142,Bethany Lutheran College,"Mankato, MN",custom
186876,Stockton University,"Galloway, NJ",custom
149532,Triton College,"River Grove, IL",custom
156082,Washburn University,"Topeka, KS",custom
110495,California State University-Stanislaus,"Turlock, CA",automatic
140696,Oglethorpe University,"Atlanta, GA",custom
153126,Clarke University,"Dubuque, IA",custom
231697,Central Virginia Community College,"Lynchburg, VA",automatic
174066,University of Minnesota-Twin Cities,"Minneapolis, MN",custom
182281,University of Nevada-Las Vegas,"Las Vegas, NV",custom
221892,Trevecca Nazarene University,"Nashville, TN",custom
112172,Citrus College,"Glendora, CA",automatic
117724,Los Angeles Trade Technical College,"Los Angeles, CA",automatic
216296,Thaddeus Stevens College of Technology,"Lancaster, PA",automatic
220862,University of Memphis,"Memphis, TN",custom
196699,Ulster County Community College,"Stone Ridge, NY",automatic
226806,Midland College,"Midland, TX",custom
192819,Marist College,"Poughkeepsie, NY",custom
238078,Wheeling University,"Wheeling, WV",custom
216357,Thiel College,"Greenville, PA",automatic
200253,Minot State University,"Minot, ND",custom
206835,Oklahoma Wesleyan University,"Bartlesville, OK",automatic
175573,Copiah-Lincoln Community College,"Wesson, MS",custom
115296,Grossmont College,"El Cajon, CA",automatic
166391,Lasell University,"Newton, MA",custom
127200,Front Range Community College,"Westminster, CO",custom
190600,CUNY John Jay College of Criminal Justice,"New York, NY",custom
210401,Willamette University,"Salem, OR",custom
167376,Northern Essex Community College,"Haverhill, MA",custom
173300,Concordia College at Moorhead,"Moorhead, MN",custom
436304,River Parishes Community College,"Gonzales, LA",automatic
168430,Worcester State University,"Worcester, MA",custom
148007,Prairie State College,"Chicago Heights, IL",custom
138275,Warner University,"Lake Wales, FL",custom
224642,El Paso Community College,"El Paso, TX",custom
490805,Purdue University Northwest,"Hammond, IN",custom
129215,Eastern Connecticut State University,"Willimantic, CT",custom
219356,South Dakota State University,"Brookings, SD",custom
487320,Texas State Technical College,"Waco, TX",automatic
141237,Truett McConnell University,"Cleveland, GA",custom
102076,Snead State Community College,"Boaz, AL",custom
209506,Oregon Institute of Technology,"Klamath Falls, OR",custom
125462,West Hills College-Coalinga,"Coalinga, CA",automatic
403469,Frontier Community College,"Fairfield, IL",custom
112190,City College of San Francisco,"San Francisco, CA",automatic
217013,Wilson College,"Chambersburg, PA",custom
157748,The Southern Baptist Theological Seminary,"Louisville, KY",automatic
214148,Moore College of Art and Design,"Philadelphia, PA",automatic
122180,Sacramento City College,"Sacramento, CA",automatic
447582,New River Community and Technical College,"Beaver, WV",custom
158477,Centenary College of Louisiana,"Shreveport, LA",custom
178341,Missouri Southern State University,"Joplin, MO",custom
219189,Mitchell Technical College,"Mitchell, SD",custom
160649,Southern University at Shreveport,"Shreveport, LA",custom
217518,Roger Williams University,"Bristol, RI",custom
125028,Ventura College,"Ventura, CA",automatic
148256,Rend Lake College,"Ina, IL",custom
164748,Berklee College of Music,"Boston, MA",custom
220701,The University of Tennessee Southern,"Pulaski, TN",custom
460394,Moreno Valley College,"Moreno Valley, CA",automatic
173647,Gustavus Adolphus College,"Saint Peter, MN",custom
211981,Delaware Valley University,"Doylestown, PA",automatic
108667,College of Alameda,"Alameda, CA",automatic
177135,Crowder College,"Neosho, MO",custom
123509,Skyline College,"San Bruno, CA",custom
129941,University of New Haven,"West Haven, CT",custom
196024,SUNY College of Technology at Delhi,"Delhi, NY",custom
193900,New York University,"New York, NY",custom
221908,Northeast State Community College,"Blountville, TN",custom
212106,Duquesne University,"Pittsburgh, PA",custom
204671,Ohio State University-Lima Campus,"Lima, OH",custom
181394,University of Nebraska at Omaha,"Omaha, NE",custom
155089,Friends University,"Wichita, KS",custom
167534,Quinsigamond Community College,"Worcester, MA",automatic
140252,Life University,"Marietta, GA",custom
486488,California Jazz Conservatory,"Berkeley, CA",automatic
148821,Shawnee Community College,"Ullin, IL",automatic
154688,Baker University,"Baldwin City, KS",custom
220473,Johnson University,"Knoxville, TN",automatic
212197,Elizabethtown College,"Elizabethtown, PA",custom
209825,University of Portland,"Portland, OR",custom
142115,Boise State University,"Boise, ID",custom
133526,Edward Waters University,"Jacksonville, FL",custom
146366,Kaskaskia College,"Centralia, IL",custom
128780,Charter Oak State College,"New Britain, CT",custom
145682,Illinois Central College,"East Peoria, IL",custom
101897,Northeast Alabama Community College,"Rainsville, AL",automatic
102067,Shelton State Community College,"Tuscaloosa, AL",custom
112570,California College of ASU,"Los Angeles, CA",custom
136145,North Florida College,"Madison, FL",custom
199148,University of North Carolina at Greensboro,"Greensboro, NC",custom
141167,Thomas University,"Thomasville, GA",custom
231165,Vermont State University,"Randolph, VT",custom
146472,College of Lake County,"Grayslake, IL",custom
119137,Moorpark College,"Moorpark, CA",automatic
179539,State Fair Community College,"Sedalia, MO",custom
243221,University of Puerto Rico-Rio Piedras,"San Juan, PR",custom
200226,Mayville State University,"Mayville, ND",automatic
150941,Huntington University,"Huntington, IN",automatic
183910,Caldwell University,"Caldwell, NJ",custom
142294,The College of Idaho,"Caldwell, ID",custom
171225,Monroe County Community College,"Monroe, MI",automatic
210571,Albright College,"Reading, PA",custom
130226,Quinnipiac University,"Hamden, CT",custom
221643,Pellissippi State Community College,"Knoxville, TN",custom
117104,Life Pacific University,"San Dimas, CA",custom
178420,University of Missouri-St Louis,"Saint Louis, MO",custom
194958,Roberts Wesleyan University,"Rochester, NY",custom
168281,Wheaton College (Massachusetts),"Norton, MA",custom
240189,University of Wisconsin-Whitewater,"Whitewater, WI",custom
183600,Assumption College for Sisters,"Denville, NJ",automatic
108807,Allan Hancock College,"Santa Maria, CA",custom
493895,SANS Technology Institute,"North Bethesda, MD",automatic
214175,Muhlenberg College,"Allentown, PA",custom
111920,Chabot College,"Hayward, CA",automatic
228769,The University of Texas at Arlington,"Arlington, TX",custom
221485,Southwest Tennessee Community College,"Memphis, TN",custom
230047,Brigham Young University-Hawaii,"Laie, HI",custom
167525,Quincy College,"Quincy, MA",custom
139311,Clayton  State University,"Morrow, GA",custom
228705,Texas A & M University-Kingsville,"Kingsville, TX",custom
156107,Wichita State University-Campus of Applied Sciences and Technology,"Wichita, KS",custom
110422,California Polytechnic State University-San Luis Obispo,"San Luis Obispo, CA",automatic
107725,University of Arkansas Hope-Texarkana,"Hope, AR",custom
142443,North Idaho College,"Coeur d'Alene, ID",custom
131450,Gallaudet University,"Washington, DC",custom
106412,University of Arkansas at Pine Bluff,"Pine Bluff, AR",custom
484932,BridgeValley Community & Technical College,"South  Charleston, WV",automatic
216694,Waynesburg University,"Waynesburg, PA",custom
214883,Peirce College,"Philadelphia, PA",custom
143613,Carl Sandburg College,"Galesburg, IL",custom
194222,Onondaga Community College,"Syracuse, NY",custom
217712,Technical College of the Lowcountry,"Beaufort, SC",custom
114716,Foothill College,"Los Altos Hills, CA",custom
117520,Life Chiropractic College West,"Hayward, CA",custom
233754,Virginia Peninsula Community College,"Hampton, VA",custom
227146,Navarro College,"Corsicana, TX",custom
116439,Irvine Valley College,"Irvine, CA",custom
111434,Canada College,"Redwood City, CA",automatic
155715,Pratt Community College,"Pratt, KS",custom
197197,Wagner College,"Staten Island, NY",automatic
208822,George Fox University,"Newberg, OR",custom
240107,Viterbo University,"La Crosse, WI",custom
183211,Rivier University,"Nashua, NH",automatic
197221,Webb Institute,"Glen Cove, NY",custom
176035,Mississippi University for Women,"Columbus, MS",custom
441982,Franklin W Olin College of Engineering,"Needham, MA",custom
231651,Regent University,"Virginia Beach, VA",custom
363633,Luna Community College,"Las Vegas, NM",custom
107743,University of Arkansas Community College Rich Mountain,"Mena, AR",custom
138761,Andrew College,"Cuthbert, GA",automatic
212601,Gannon University,"Erie, PA",custom
162706,Harford Community College,"Bel Air, MD",custom
231712,Christopher Newport University,"Newport News, VA",custom
154101,Northwestern College,"Orange City, IA",custom
245625,Warren County Community College,"Washington, NJ",automatic
218973,Wofford College,"Spartanburg, SC",custom
127556,Colorado Mesa University,"Grand Junction, CO",custom
133508,Florida SouthWestern State College,"Fort Myers, FL",custom
231554,Bluefield University,"Bluefield, VA",custom
177940,Lincoln University,"Jefferson City, MO",custom
152336,University of Saint Francis-Fort Wayne,"Fort Wayne, IN",custom
237215,Bluefield State University,"Bluefield, WV",custom
122409,San Diego State University,"San Diego, CA",custom
206613,Wright State University-Lake Campus,"Celina, OH",automatic
187967,New Mexico Institute of Mining and Technology,"Socorro, NM",custom
228802,The University of Texas at Tyler,"Tyler, TX",custom
119331,Napa Valley College,"Napa, CA",automatic
245953,Mid-America Christian University,"Oklahoma City, OK",automatic
197869,Appalachian State University,"Boone, NC",custom
201441,Bowling Green State University-Main Campus,"Bowling Green, OH",custom
230597,Snow College,"Ephraim, UT",custom
178244,Missouri Baptist University,"Saint Louis, MO",custom
177472,Ozarks Technical Community College,"Springfield, MO",custom
388520,College of Biblical Studies-Houston,"Houston, TX",custom
221661,Southern Adventist University,"Collegedale, TN",custom
215105,University of the Arts,"Philadelphia, PA",custom
196167,SUNY College at Geneseo,"Geneseo, NY",custom
183974,Centenary University,"Hackettstown, NJ",custom
216542,University of Valley Forge,"Phoenixville, PA",custom
137096,Santa Fe College,"Gainesville, FL",custom
147679,North Park University,"Chicago, IL",automatic
127741,University of Northern Colorado,"Greeley, CO",custom
151810,Martin University,"Indianapolis, IN",automatic
203775,Malone University,"Canton, OH",custom
196680,Excelsior University,"Albany, NY",custom
157216,Lindsey Wilson College,"Columbia, KY",custom
158662,Delgado Community College,"New Orleans, LA",custom
110097,Biola University,"La Mirada, CA",custom
193326,Monroe Community College,"Rochester, NY",automatic
149514,Trinity International University-Illinois,"Deerfield, IL",custom
177986,Logan University,"Chesterfield, MO",custom
173160,Bethel University,"Saint Paul, MN",custom
146205,John A Logan College,"Carterville, IL",automatic
151786,Marian University,"Indianapolis, IN",custom
137953,Trinity Baptist College,"Jacksonville, FL",automatic
169992,Gogebic Community College,"Ironwood, MI",custom
233277,Radford University,"Radford, VA",custom
218955,Williamsburg Technical College,"Kingstree, SC",automatic
234951,Clover Park Technical College,"Lakewood, WA",custom
176008,Mississippi Delta Community College,"Moorhead, MS",custom
122889,Santa Barbara City College,"Santa Barbara, CA",automatic
156541,University of the Cumberlands,"Williamsburg, KY",custom
215947,Seton Hill University,"Greensburg, PA",custom
155335,Newman University,"Wichita, KS",automatic
446233,Ecclesia College,"Springdale, AR",automatic
220516,King University,"Bristol, TN",custom
178208,Midwestern Baptist Theological Seminary,"Kansas City, MO",custom
214041,Millersville University of Pennsylvania,"Millersville, PA",automatic
155414,Kansas Wesleyan University,"Salina, KS",automatic
171881,Kuyper College,"Grand Rapids, MI",custom
114813,Fresno Pacific University,"Fresno, CA",custom
178624,Northwest Missouri State University,"Maryville, MO",custom
222053,Volunteer State Community College,"Gallatin, TN",custom
227401,Paris Junior College,"Paris, TX",custom
487603,Northwest University-Center for Online and Extended Education,"Kirkland, WA",custom
364016,Paradise Valley Community College,"Phoenix, AZ",automatic
107558,University of the Ozarks,"Clarksville, AR",custom
448594,West Hills College-Lemoore,"Lemoore, CA",automatic
236638,Skagit Valley College,"Mount Vernon, WA",custom
101602,Lurleen B Wallace Community College,"Andalusia, AL",custom
127185,Fort Lewis College,"Durango, CO",custom
239460,Northcentral Technical College,"Wausau, WI",custom
235343,Green River College,"Auburn, WA",automatic
213011,Immaculata University,"Immaculata, PA",custom
449870,University of the West,"Rosemead, CA",custom
120698,Palo Alto University,"Palo Alto, CA",custom
239390,Mount Mary University,"Milwaukee, WI",automatic
192192,Keuka College,"Keuka Park, NY",custom
217633,Anderson University,"Anderson, SC",automatic
202903,Gods Bible School and College,"Cincinnati, OH",automatic
181491,Northeast Community College,"Norfolk, NE",custom
199023,Montgomery Community College,"Troy, NC",custom
138600,Agnes Scott College,"Decatur, GA",custom
177278,Eden Theological Seminary,"Webster Groves, MO",custom
178369,Missouri Valley College,"Marshall, MO",automatic
155566,Neosho County Community College,"Chanute, KS",custom
148627,Saint Xavier University,"Chicago, IL",custom
455664,The Chicago School at Los Angeles,"Los Angeles, CA",custom
238458,Carroll University,"Waukesha, WI",custom
100760,Central Alabama Community College,"Alexander City, AL",automatic
183877,Rowan College at Burlington County,"Mount Laurel, NJ",automatic
204839,Ohio University-Southern Campus,"Ironton, OH",automatic
188049,University of New Mexico-Valencia County Campus,"Los Lunas, NM",automatic
219000,Augustana University,"Sioux Falls, SD",custom
157386,Morehead State University,"Morehead, KY",custom
183859,Brookdale Community College,"Lincroft, NJ",custom
187994,New Mexico State University-Alamogordo,"Alamogordo, NM",custom
139719,Fort Valley State University,"Fort Valley, GA",custom
132842,Albizu University-Miami,"Miami, FL",custom
168847,Baker College,"Owosso, MI",automatic
225575,Huston-Tillotson University,"Austin, TX",custom
153278,University of Dubuque,"Dubuque, IA",custom
448691,International Institute for Restorative Practices,"Bethlehem, PA",custom
155098,Fort Scott Community College,"Fort Scott, KS",custom
484905,University of North Texas at Dallas,"Dallas, TX",custom
222983,Austin College,"Sherman, TX",automatic
217235,Johnson & Wales University-Providence,"Providence, RI",custom
126580,University of Colorado Colorado Springs,"Colorado Springs, CO",custom
238397,Blackhawk Technical College,"Janesville, WI",custom
200004,Western Carolina University,"Cullowhee, NC",custom
106999,University of Arkansas Community College-Batesville,"Batesville, AR",custom
132851,College of Central Florida,"Ocala, FL",custom
101994,Reid State Technical College,"Evergreen, AL",automatic
150604,Franklin College,"Franklin, IN",custom
122977,Santa Monica College,"Santa Monica, CA",automatic
141264,Valdosta State University,"Valdosta, GA",custom
110547,California State University-Dominguez Hills,"Carson, CA",automatic
185262,Kean University,"Union, NJ",custom
225885,Jarvis Christian University,"Hawkins, TX",custom
405872,Carroll Community College,"Westminster, MD",custom
215239,Community College of Philadelphia,"Philadelphia, PA",custom
413413,Capella University,"Minneapolis, MN",custom
196592,Touro University,"New York, NY",custom
192022,Jefferson Community College,"Watertown, NY",custom
232797,American National University,"Salem, VA",automatic
161077,Central Maine Community College,"Auburn, ME",automatic
204945,Owens Community College,"Perrysburg, OH",custom
181312,Mid-Plains Community College,"North Platte, NE",custom
239080,Marian University,"Fond Du Lac, WI",custom
219046,Black Hills State University,"Spearfish, SD",custom
207740,Seminole State College,"Seminole, OK",automatic
480204,Platt College-Riverside,"Riverside, CA",automatic
230852,Champlain College,"Burlington, VT",custom
172307,Southwestern Michigan College,"Dowagiac, MI",custom
117195,Lake Tahoe Community College,"South Lake Tahoe, CA",custom
183239,Saint Anselm College,"Manchester, NH",custom
239716,Saint Norbert College,"De Pere, WI",custom
126678,Colorado College,"Colorado Springs, CO",custom
153001,Buena Vista University,"Storm Lake, IA",custom
179326,Southwest Baptist University,"Bolivar, MO",custom
195058,Rockland Community College,"Suffern, NY",automatic
182500,Truckee Meadows Community College,"Reno, NV",automatic
235024,Cornish College of the Arts,"Seattle, WA",automatic
455512,Woodland Community College,"Woodland, CA",automatic
205443,Shawnee State University,"Portsmouth, OH",custom
201946,University of Cincinnati-Clermont College,"Batavia, OH",custom
181020,Doane University,"Crete, NE",custom
180984,Concordia University-Nebraska,"Seward, NE",custom
154952,Cowley County Community College,"Arkansas City, KS",custom
226578,McLennan Community College,"Waco, TX",custom
228501,Sul Ross State University,"Alpine, TX",custom
127653,Naropa University,"Boulder, CO",custom
443492,Pierpont Community and Technical College,"Fairmont, WV",automatic
238722,Fox Valley Technical College,"Appleton, WI",custom
115393,Hartnell College,"Salinas, CA",custom
198729,James Sprunt Community College,"Kenansville, NC",automatic
480198,Warner Pacific University Professional and Graduate Studies,"Portland, OR",automatic
199847,Wake Forest University,"Winston-Salem, NC",custom
187985,University of New Mexico-Main Campus,"Albuquerque, NM",custom
491288,University of Wisconsin-Milwaukee Flex,"Milwaukee, WI",automatic
399911,Soka University of America,"Aliso Viejo, CA",custom
158431,Bossier Parish Community College,"Bossier City, LA",custom
140553,Morehouse College,"Atlanta, GA",custom
193946,Niagara County Community College,"Sanborn, NY",custom
198039,Blue Ridge Community College,"Flat Rock, NC",automatic
114549,Fielding Graduate University,"Santa Barbara, CA",custom
177746,Kansas City Art Institute,"Kansas City, MO",automatic
198613,Guilford College,"Greensboro, NC",custom
385619,Everglades University,"Boca Raton, FL",automatic
198084,Brunswick Community College,"Bolivia, NC",custom
119164,Mt San Antonio College,"Walnut, CA",automatic
161509,Maine College of Art & Design,"Portland, ME",automatic
128258,Trinidad State College,"Trinidad, CO",automatic
440031,Keck Graduate Institute,"Claremont, CA",custom
148937,Southeastern Illinois College,"Harrisburg, IL",automatic
148131,Quincy University,"Quincy, IL",custom
184603,Fairleigh Dickinson University-Metropolitan Campus,"Teaneck, NJ",custom
130697,Wesleyan University,"Middletown, CT",custom
192703,Manhattan College,"Riverdale, NY",custom
175652,East Mississippi Community College,"Scooba, MS",automatic
166656,MCPHS University,"Boston, MA",custom
195526,Skidmore College,"Saratoga Springs, NY",custom
203580,Lake Erie College,"Painesville, OH",custom
199476,Robeson Community College,"Lumberton, NC",custom
197045,Utica University,"Utica, NY",custom
109651,Art Center College of Design,"Pasadena, CA",custom
221397,Roane State Community College,"Harriman, TN",custom
217475,Community College of Rhode Island,"Warwick, RI",custom
210146,Southern Oregon University,"Ashland, OR",custom
208646,Eastern Oregon University,"La Grande, OR",custom
199306,Pfeiffer University,"Misenheimer, NC",custom
189015,Bank Street College of Education,"New York, NY",automatic
190372,The Cooper Union for the Advancement of Science and Art,"New York, NY",custom
176372,University of Southern Mississippi,"Hattiesburg, MS",custom
202480,University of Dayton,"Dayton, OH",custom
173920,Minnesota State University-Mankato,"Mankato, MN",custom
176965,University of Central Missouri,"Warrensburg, MO",automatic
215655,Robert Morris University,"Moon Township, PA",custom
157058,Kentucky State University,"Frankfort, KY",custom
166513,University of Massachusetts-Lowell,"Lowell, MA",custom
191339,Genesee Community College,"Batavia, NY",custom
237011,Western Washington University,"Bellingham, WA",custom
169798,Eastern Michigan University,"Ypsilanti, MI",custom
454582,Ottawa University-Online,"Overland Park, KS",automatic
449339,American Public University System,"Charles Town, WV",custom
157438,Gateway Community and Technical College,"Florence, KY",automatic
240596,Eastern Wyoming College,"Torrington, WY",custom
213525,Lehigh Carbon Community College,"Schnecksville, PA",custom
109907,Barstow Community College,"Barstow, CA",automatic
170790,Macomb Community College,"Warren, MI",automatic
239628,Ripon College,"Ripon, WI",custom
155937,Sterling College,"Sterling, KS",automatic
229267,Trinity University,"San Antonio, TX",custom
176053,Mississippi College,"Clinton, MS",custom
126818,Colorado State University-Fort Collins,"Fort Collins, CO",custom
117052,Reedley College,"Reedley, CA",automatic
236948,University of Washington-Seattle Campus,"Seattle, WA",custom
203535,Kenyon College,"Gambier, OH",custom
190619,CUNY Kingsborough Community College,"Brooklyn, NY",automatic
199999,Winston-Salem State University,"Winston-Salem, NC",custom
487445,Florida Career College-Boynton Beach,"Boynton Beach, FL",automatic
384333,Estrella Mountain Community College,"Avondale, AZ",automatic
230737,Utah Valley University,"Orem, UT",custom
177551,Harris-Stowe State University,"Saint Louis, MO",automatic
226231,LeTourneau University,"Longview, TX",custom
118772,Merritt College,"Oakland, CA",automatic
151777,Manchester University,"North Manchester, IN",custom
482680,University of North Georgia,"Dahlonega, GA",custom
143358,Bradley University,"Peoria, IL",custom
163204,University of Maryland Global Campus,"Adelphi, MD",automatic
157447,Northern Kentucky University,"Highland Heights, KY",custom
218733,South Carolina State University,"Orangeburg, SC",custom
197230,Wells College,"Aurora, NY",custom
177126,Covenant Theological Seminary,"Saint Louis, MO",custom
237181,Bethany College,"Bethany, WV",custom
175272,Winona State University,"Winona, MN",custom
182306,Great Basin College,"Elko, NV",custom
180258,University of Providence,"Great Falls, MT",automatic
474863,Los Angeles Pacific University,"San Dimas, CA",custom
149781,Wheaton College,"Wheaton, IL",custom
233116,Piedmont Virginia Community College,"Charlottesville, VA",automatic
217819,College of Charleston,"Charleston, SC",custom
200484,Trinity Bible College and Graduate School,"Ellendale, ND",custom
225414,University of Houston-Clear Lake,"Houston, TX",custom
218706,University of South Carolina-Union,"Union, SC",custom
132879,Johnson University Florida,"Kissimmee, FL",automatic
147703,Northern Illinois University,"Dekalb, IL",automatic
207449,Oklahoma City Community College,"Oklahoma City, OK",custom
172033,Sacred Heart Major Seminary,"Detroit, MI",custom
185873,Ocean County College,"Toms River, NJ",custom
150534,University of Evansville,"Evansville, IN",custom
113704,Dominican School of Philosophy & Theology,"Berkeley, CA",custom
409698,California State University-Monterey Bay,"Seaside, CA",automatic
113634,Diablo Valley College,"Pleasant Hill, CA",automatic
148991,Spoon River College,"Canton, IL",custom
174428,Normandale Community College,"Bloomington, MN",custom
153375,Grand View University,"Des Moines, IA",custom
483036,Texas A&M University-Central Texas,"Killeen, TX",custom
170657,Lansing Community College,"Lansing, MI",automatic
196219,SUNY at Purchase College,"Purchase, NY",automatic
135726,University of Miami,"Coral Gables, FL",custom
183062,Keene State College,"Keene, NH",custom
149231,Southern Illinois University-Edwardsville,"Edwardsville, IL",custom
445133,American InterContinental University-Houston,"Houston, TX",automatic
148496,Dominican University,"River Forest, IL",custom
228316,Southwest Texas Junior College,"Uvalde, TX",custom
165194,Cape Cod Community College,"West Barnstable, MA",custom
160667,Northshore Technical Community College,"Lacombe, LA",custom
144351,Concordia University-Chicago,"River Forest, IL",automatic
115409,Harvey Mudd College,"Claremont, CA",custom
153630,Iowa Western Community College,"Council Bluffs, IA",custom
174437,North Central University,"Minneapolis, MN",custom
172334,Spring Arbor University,"Spring Arbor, MI",custom
190691,CUNY York College,"Jamaica, NY",custom
160038,Northwestern State University of Louisiana,"Natchitoches, LA",custom
226833,Midwestern State University,"Wichita Falls, TX",custom
180179,Montana State University Billings,"Billings, MT",custom
198011,Bladen Community College,"Dublin, NC",automatic
227304,Odessa College,"Odessa, TX",custom
175643,East Central Community College,"Decatur, MS",custom
234377,Wytheville Community College,"Wytheville, VA",automatic
175139,United Theological Seminary of the Twin Cities,"St. Paul, MN",automatic
180106,Carroll College,"Helena, MT",custom
128391,Western Colorado University,"Gunnison, CO",custom
164216,Washington College,"Chestertown, MD",custom
191126,Fashion Institute of Technology,"New York, NY",automatic
139700,Georgia Highlands College,"Rome, GA",automatic
247940,Owensboro Community and Technical College,"Owensboro, KY",automatic
187532,Central New Mexico Community College,"Albuquerque, NM",custom
195809,St. John's University-New York,"Queens, NY",custom
105154,Mesa Community College,"Mesa, AZ",automatic
440396,New Saint Andrews College,"Moscow, ID",custom
198367,Craven Community College,"New Bern, NC",custom
191649,Hofstra University,"Hempstead, NY",custom
164085,Maryland University of Integrative Health,"Laurel, MD",automatic
154998,Dodge City Community College,"Dodge City, KS",custom
134945,Jacksonville University,"Jacksonville, FL",custom
187444,William Paterson University of New Jersey,"Wayne, NJ",custom
236610,Shoreline Community College,"Shoreline, WA",automatic
190521,CUNY Borough of Manhattan Community College,"New York, NY",custom
139621,East Georgia State College,"Swainsboro, GA",custom
169424,Cranbrook Academy of Art,"Bloomfield Hills, MI",automatic
141334,University of West Georgia,"Carrollton, GA",custom
196185,SUNY Oneonta,"Oneonta, NY",custom
175315,Century College,"White Bear Lake, MN",automatic
211307,Bucks County Community College,"Newtown, PA",custom
181534,Peru State College,"Peru, NE",custom
216366,Thomas Jefferson University,"Philadelphia, PA",automatic
221351,Rhodes College,"Memphis, TN",custom
209409,Bushnell University,"Eugene, OR",custom
121628,Pardee RAND Graduate School,"Santa Monica, CA",automatic
199032,Montreat College,"Montreat, NC",custom
152673,Wabash College,"Crawfordsville, IN",custom
239318,Milwaukee School of Engineering,"Milwaukee, WI",custom
161192,Kennebec Valley Community College,"Fairfield, ME",automatic
497107,University of Silicon Andhra,"Milpitas, CA",automatic
227216,University of North Texas,"Denton, TX",custom
487524,Husson University,"Bangor, ME",custom
233541,Shenandoah University,"Winchester, VA",custom
132903,University of Central Florida,"Orlando, FL",custom
110529,California State Polytechnic University-Pomona,"Pomona, CA",custom
202134,Cleveland State University,"Cleveland, OH",custom
178402,University of Missouri-Kansas City,"Kansas City, MO",custom
210775,Alvernia University,"Reading, PA",custom
144166,City Colleges of Chicago-Malcolm X College,"Chicago, IL",custom
181446,Nebraska Wesleyan University,"Lincoln, NE",custom
127565,Metropolitan State University of Denver,"Denver, CO",custom
110608,California State University-Northridge,"Northridge, CA",custom
482705,Northeastern University Professional Programs,"Boston, MA",custom
144014,Chicago Theological Seminary,"Chicago, IL",automatic
141255,Wiregrass Georgia Technical College,"Valdosta, GA",custom
114938,Gavilan College,"Gilroy, CA",automatic
207351,Oklahoma Panhandle State University,"Goodwell, OK",custom
204024,Miami University-Oxford,"Oxford, OH",custom
107877,Williams Baptist University,"Walnut Ridge, AR",automatic
196176,State University of New York at New Paltz,"New Paltz, NY",custom
450298,Strayer University-Delaware,"Wilmington, DE",automatic
153825,Loras College,"Dubuque, IA",custom
194578,Pratt Institute-Main,"Brooklyn, NY",custom
179317,Saint Paul School of Theology,"Leawood, KS",custom
230171,Utah Tech University,"Saint George, UT",custom
232557,Liberty University,"Lynchburg, VA",custom
237367,Fairmont State University,"Fairmont, WV",custom
152318,Rose-Hulman Institute of Technology,"Terre Haute, IN",custom
201928,Cincinnati State Technical and Community College,"Cincinnati, OH",custom
170550,Kellogg Community College,"Battle Creek, MI",custom
165820,Fitchburg State University,"Fitchburg, MA",custom
123280,Shasta Bible College and Graduate School,"Redding, CA",automatic
136233,Northwest Florida State College,"Niceville, FL",custom
228468,Southwestern Adventist University,"Keene, TX",automatic
110644,University of California-Davis,"Davis, CA",automatic
190840,Dutchess Community College,"Poughkeepsie, NY",custom
195003,Rochester Institute of Technology,"Rochester, NY",custom
108092,University of Arkansas-Fort Smith,"Fort Smith, AR",automatic
160481,Fletcher Technical Community College,"Schriever, LA",automatic
166054,Hellenic College-Holy Cross Greek Orthodox School of Theology,"Brookline, MA",automatic
214759,Pennsylvania State University-Penn State Fayette- Eberly,"Lemont Furnace, PA",automatic
233426,Roanoke College,"Salem, VA",custom
223427,Blinn College District,"Brenham, TX",automatic
110583,California State University-Long Beach,"Long Beach, CA",automatic
183822,Bloomfield College,"Bloomfield, NJ",custom
101480,Jacksonville State University,"Jacksonville, AL",automatic
207069,Redlands Community College,"El Reno, OK",custom
159407,Louisiana State University-Eunice,"Eunice, LA",custom
156790,Hazard Community and Technical College,"Hazard, KY",custom
213987,Mercyhurst University,"Erie, PA",automatic
214801,Pennsylvania State University-Penn State Abington,"Abington, PA",automatic
102030,Bishop State Community College,"Mobile, AL",custom
101912,Oakwood University,"Huntsville, AL",automatic
157304,Madisonville Community College,"Madisonville, KY",automatic
130989,Goldey-Beacom College,"Wilmington, DE",automatic
140146,Interdenominational Theological Center,"Atlanta, GA",automatic
140960,Savannah State University,"Savannah, GA",custom
200846,University of Akron Wayne College,"Orrville, OH",automatic
233374,University of Richmond,"University of Richmond, VA",custom
142328,Lewis-Clark State College,"Lewiston, ID",custom
145831,Illinois Valley Community College,"Oglesby, IL",custom
231059,Saint Michael's College,"Colchester, VT",custom
208406,Clackamas Community College,"Oregon City, OR",automatic
170541,Kalamazoo Valley Community College,"Kalamazoo, MI",custom
176169,Northeast Mississippi Community College,"Booneville, MS",automatic
139393,Covenant College,"Lookout Mountain, GA",custom
187958,University of New Mexico-Gallup Campus,"Gallup, NM",automatic
119173,Mount Saint Mary's University,"Los Angeles, CA",custom
150136,Ball State University,"Muncie, IN",custom
185572,Monmouth University,"West Long Branch, NJ",custom
165112,Bunker Hill Community College,"Boston, MA",automatic
440794,Pillar College,"Newark, NJ",custom
195988,Sullivan County Community College,"Loch Sheldrake, NY",custom
204635,Ohio Northern University,"Ada, OH",custom
235547,Bastyr University,"Kenmore, WA",custom
153922,Marshalltown Community College,"Marshalltown, IA",custom
141680,Honolulu Community College,"Honolulu, HI",custom
497693,Kansas Health Science Center,"Wichita, KS",automatic
163453,Morgan State University,"Baltimore, MD",custom
135160,Florida Gateway College,"Lake City, FL",automatic
213358,La Roche University,"Pittsburgh, PA",custom
236753,Tacoma Community College,"Tacoma, WA",custom
145707,Olney Central College,"Olney, IL",custom
222576,Amarillo College,"Amarillo, TX",custom
123651,Vanguard University of Southern California,"Costa Mesa, CA",custom
123633,South Baylo University,"Anaheim, CA",automatic
160612,Southeastern Louisiana University,"Hammond, LA",custom
186469,Salem Community College,"Carneys Point, NJ",custom
236188,Olympic College,"Bremerton, WA",custom
204194,Mount Vernon Nazarene University,"Mount Vernon, OH",custom
230889,Goddard College,"Plainfield, VT",automatic
145619,Benedictine University,"Lisle, IL",automatic
116846,American Jewish University,"Los Angeles, CA",automatic
241225,Universidad Central de Bayamon,"Bayamón, PR",custom
134495,Hillsborough Community College,"Tampa, FL",custom
134510,Hobe Sound Bible College,"Hobe Sound, FL",automatic
218742,University of South Carolina-Upstate,"Spartanburg, SC",custom
185129,New Jersey City University,"Jersey City, NJ",custom
117706,Los Angeles Pierce College,"Woodland Hills, CA",automatic
211130,Missio Theological Seminary,"Philadelphia, PA",custom
126562,University of Colorado Denver/Anschutz Medical Campus,"Denver, CO",custom
110486,California State University-Bakersfield,"Bakersfield, CA",custom
179964,William Woods University,"Fulton, MO",custom
188429,Adelphi University,"Garden City, NY",custom
172918,Alexandria Technical & Community College,"Alexandria, MN",custom
106306,Arkansas Baptist College,"Little Rock, AR",automatic
178411,Missouri University of Science and Technology,"Rolla, MO",custom
234173,Virginia Wesleyan University,"Virginia Beach, VA",custom
115861,Imperial Valley College,"Imperial, CA",custom
197984,Belmont Abbey College,"Belmont, NC",custom
180878,Bryan College of Health Sciences,"Lincoln, NE",custom
242644,Inter American University of Puerto Rico-Barranquitas,"Barranquitas, PR",automatic
164313,Wor-Wic Community College,"Salisbury, MD",custom
493947,Idaho College of Osteopathic Medicine,"Meridian, ID",automatic
196060,University at Albany,"Albany, NY",custom
138682,Albany Technical College,"Albany, GA",automatic
144883,East-West University,"Chicago, IL",automatic
128744,University of Bridgeport,"Bridgeport, CT",automatic
179955,William Jewell College,"Liberty, MO",custom
213303,Keystone College,"La Plume, PA",custom
125897,Woodbury University,"Burbank, CA",automatic
205841,Stark State College,"North Canton, OH",custom
110060,Bethesda University,"Anaheim, CA",automatic
204006,Miami University-Hamilton,"Hamilton, OH",custom
442064,Won Institute of Graduate Studies,"Warminster, PA",automatic
211468,Cedar Crest College,"Allentown, PA",custom
170091,Great Lakes Christian College,"Lansing, MI",custom
214111,Montgomery County Community College,"Blue Bell, PA",custom
107983,Southern Arkansas University Main Campus,"Magnolia, AR",custom
136516,Polk State College,"Winter Haven, FL",custom
125231,Walden University,"Minneapolis, MN",custom
226204,Lee College,"Baytown, TX",automatic
171395,North Central Michigan College,"Petoskey, MI",custom
199209,North Carolina Wesleyan University,"Rocky Mount, NC",custom
174075,University of Minnesota-Crookston,"Crookston, MN",custom
158884,Nunez Community College,"Chalmette, LA",custom
121619,Santa Ana College,"Santa Ana, CA",automatic
175519,Coahoma Community College,"Clarksdale, MS",automatic
216287,Swarthmore College,"Swarthmore, PA",custom
185590,Montclair State University,"Montclair, NJ",custom
131876,Trinity Washington University,"Washington, DC",custom
154642,Allen County Community College,"Iola, KS",custom
224554,Texas A & M University-Commerce,"Commerce, TX",custom
174251,University of Minnesota-Morris,"Morris, MN",custom
155025,Emporia State University,"Emporia, KS",custom
177418,Fontbonne University,"Saint Louis, MO",custom
170082,Grand Valley State University,"Allendale, MI",custom
237136,Appalachian Bible College,"Mount Hope, WV",automatic
232885,Sentara College of Health Sciences,"Chesapeake, VA",custom
154350,Simpson College,"Indianola, IA",custom
228325,Southwestern Assemblies of God University,"Waxahachie, TX",custom
189088,Bard College,"Annandale-On-Hudson, NY",custom
101189,Faulkner University,"Montgomery, AL",automatic
155681,Pittsburg State University,"Pittsburg, KS",custom
217864,Citadel Military College of South Carolina,"Charleston, SC",custom
212133,Eastern University,"Saint Davids, PA",custom
102234,Spring Hill College,"Mobile, AL",custom
197692,Yeshivath Shaar Hatorah,"Kew Gardens, NY",automatic
449922,Appalachian College of Pharmacy,"Oakwood, VA",automatic
112084,San Diego Christian College,"Santee, CA",custom
121309,Point Loma Nazarene University,"San Diego, CA",custom
459745,The Chicago School at Washington DC,"Washington, DC",custom
208275,Blue Mountain Community College,"Pendleton, OR",custom
234137,Virginia University of Lynchburg,"Lynchburg, VA",automatic
183099,NHTI-Concord's Community College,"Concord, NH",custom
233718,Sweet Briar College,"Sweet Briar, VA",custom
190512,CUNY Bernard M Baruch College,"New York, NY",custom
217059,York College of Pennsylvania,"York, PA",custom
101301,George C Wallace State Community College-Selma,"Selma, AL",automatic
147013,McKendree University,"Lebanon, IL",custom
196291,SUNY Maritime College,"Throggs Neck, NY",custom
155858,Seward County Community College,"Liberal, KS",custom
193292,Molloy College,"Rockville Centre, NY",custom
220215,Freed-Hardeman University,"Henderson, TN",custom
223922,Clarendon College,"Clarendon, TX",automatic
173063,Riverland Community College,"Austin, MN",custom
218991,York Technical College,"Rock Hill, SC",custom
184773,Georgian Court University,"Lakewood, NJ",custom
101736,Northwest Shoals Community College,"Muscle Shoals, AL",custom
492962,Indiana Institute of Technology-College of Professional Studies,"Fort Wayne, IN",automatic
232706,Marymount University,"Arlington, VA",custom
243832,EDP University of Puerto Rico Inc-San Juan,"San Juan, PR",automatic
233897,University of Virginia's College at Wise,"Wise, VA",automatic
207397,Oklahoma State University-Oklahoma City,"Oklahoma City, OK",automatic
449658,Bais Medrash Toras Chesed,"Lakewood, NJ",automatic
240198,Northwood Technical College,"Rice Lake, WI",automatic
183141,Nashua Community College,"Nashua, NH",automatic
156745,Georgetown College,"Georgetown, KY",custom
194499,Plaza College,"Forest Hills, NY",automatic
123299,Shasta College,"Redding, CA",automatic
157863,Union College,"Barbourville, KY",custom
179946,Westminster College,"Fulton, MO",custom
190628,CUNY LaGuardia Community College,"Long Island City, NY",custom
122746,San Jose City College,"San Jose, CA",custom
148380,Rock Valley College,"Rockford, IL",custom
145275,Garrett-Evangelical Theological Seminary,"Evanston, IL",automatic
174020,Metropolitan State University,"Saint Paul, MN",custom
462354,John Paul the Great Catholic University,"Escondido, CA",custom
232423,James Madison University,"Harrisonburg, VA",custom
207157,Randall University,"Moore, OK",automatic
176354,Southwest Mississippi Community College,"Summit, MS",automatic
242723,Inter American University of Puerto Rico-School of Law,"San Juan, PR",automatic
100830,Auburn University at Montgomery,"Montgomery, AL",custom
469416,Dewey University-Manati,"Manati, PR",automatic
491525,Union Bible College,"Westfield, IN",automatic
164447,American International College,"Springfield, MA",custom
154712,Benedictine College,"Atchison, KS",custom
101648,Marion Military Institute,"Marion, AL",automatic
483018,Antioch College,"Yellow Springs, OH",automatic
195234,The College of Saint Rose,"Albany, NY",automatic
154749,Bethel College-North Newton,"North Newton, KS",automatic
493716,Yeshiva Gedola Tiferes Yaakov Yitzchok,"Lakewood, NJ",automatic
196246,SUNY College at Plattsburgh,"Plattsburgh, NY",automatic
128586,Bais Binyomin Academy,"Monsey, NY",automatic
492069,Champion Christian College,"Hot Springs, AR",automatic
133881,Florida Institute of Technology,"Melbourne, FL",custom
210331,Corban University,"Salem, OR",custom
449135,Dewey University-Juana Díaz,"Juana Diaz, PR",automatic
213598,Lincoln University,"Lincoln University, PA",custom
170675,Lawrence Technological University,"Southfield, MI",custom
161299,Maine Maritime Academy,"Castine, ME",custom
145886,Institute for Clinical Social Work,"Chicago, IL",automatic
433387,Western Governors University,"Salt Lake City, UT",custom
238759,Gateway Technical College,"Kenosha, WI",custom
112251,Claremont Graduate University,"Claremont, CA",custom
199962,Wingate University,"Wingate, NC",custom
128498,Albertus Magnus College,"New Haven, CT",custom
189273,Beth Hamedrash Shaarei Yosher Institute,"Brooklyn, NY",automatic
438708,Eastern West Virginia Community and Technical College,"Moorefield, WV",custom
225070,Grayson College,"Denison, TX",custom
198978,Miller-Motte College-Wilmington,"Wilmington, NC",automatic
166850,Merrimack College,"North Andover, MA",custom
151111,Indiana University-Purdue University-Indianapolis,"Indianapolis, IN",custom
219383,University of Sioux Falls,"Sioux Falls, SD",custom
154697,Barton County Community College,"Great Bend, KS",custom
159391,Louisiana State University and Agricultural & Mechanical College,"Baton Rouge, LA",custom
230728,Utah State University,"Logan, UT",custom
490504,Yeshiva Ohr Naftoli,"New Windsor, NY",automatic
175263,Minnesota State College Southeast,"Winona, MN",automatic
156417,Clear Creek Baptist Bible College,"Pineville, KY",custom
147916,Parkland College,"Champaign, IL",automatic
216852,Widener University,"Chester, PA",custom
196194,State University of New York at Oswego,"Oswego, NY",custom
461643,Bergin University of Canine Studies,"Penngrove, CA",automatic
174914,University of St Thomas,"Saint Paul, MN",custom
220978,Middle Tennessee State University,"Murfreesboro, TN",custom
450933,Columbia Southern University,"Orange Beach, AL",custom
207564,Oklahoma State University Institute of Technology,"Okmulgee, OK",automatic
117627,La Sierra University,"Riverside, CA",custom
156851,Henderson Community College,"Henderson, KY",custom
112260,Claremont McKenna College,"Claremont, CA",custom
164076,Towson University,"Towson, MD",custom
156620,Eastern Kentucky University,"Richmond, KY",custom
106980,National Park College,"Hot Springs, AR",automatic
119216,Mt San Jacinto Community College District,"San Jacinto, CA",custom
101514,John C Calhoun State Community College,"Tanner, AL",custom
159717,McNeese State University,"Lake Charles, LA",custom
219602,Austin Peay State University,"Clarksville, TN",custom
383996,Eastern New Mexico University Ruidoso Branch Community College,"Ruidoso, NM",automatic
153861,Maharishi International University,"Fairfield, IA",automatic
217925,Columbia International University,"Columbia, SC",custom
175786,Hinds Community College,"Raymond, MS",automatic
193478,Nassau Community College,"Garden City, NY",custom
199324,Piedmont Community College,"Roxboro, NC",custom
179867,Washington University in St Louis,"Saint Louis, MO",custom
375230,Yeshiva Gedolah Imrei Yosef D'spinka,"Brooklyn, NY",automatic
164155,United States Naval Academy,"Annapolis, MD",custom
107318,Arkansas State University Mid-South,"West Memphis, AR",custom
199643,Shaw University,"Raleigh, NC",custom
213826,Marywood University,"Scranton, PA",custom
416801,The University of Texas MD Anderson Cancer Center,"Houston, TX",automatic
127273,Iliff School of Theology,"Denver, CO",custom
217606,Northpoint Bible College,"Haverhill, MA",automatic
136950,Rollins College,"Winter Park, FL",custom
132602,Bethune-Cookman University,"Daytona Beach, FL",automatic
219824,Chattanooga State Community College,"Chattanooga, TN",custom
191533,Hartwick College,"Oneonta, NY",custom
212674,Gettysburg College,"Gettysburg, PA",custom
236513,Seattle Central College,"Seattle, WA",automatic
126076,Yeshiva Ohr Elchonon Chabad West Coast Talmudical Seminary,"Los Angeles, CA",automatic
239637,Sacred Heart Seminary and School of Theology,"Franklin, WI",automatic
236939,Washington State University,"Pullman, WA",custom
206604,Wright State University-Main Campus,"Dayton, OH",automatic
236656,South Puget Sound Community College,"Olympia, WA",custom
232043,Eastern Mennonite University,"Harrisonburg, VA",custom
460349,Johnson & Wales University-Online,"Providence, RI",custom
172617,Washtenaw Community College,"Ann Arbor, MI",custom
227924,San Antonio College,"San Antonio, TX",custom
121363,Porterville College,"Porterville, CA",custom
153311,Eastern Iowa Community College District,"Davenport, IA",custom
176071,Mississippi Gulf Coast Community College,"Perkinston, MS",automatic
191968,Ithaca College,"Ithaca, NY",custom
161581,Washington County Community College,"Calais, ME",automatic
228909,University of North Texas Health Science Center,"Fort Worth, TX",automatic
173416,Dakota County Technical College,"Rosemount, MN",automatic
177038,Cleveland University-Kansas City,"Overland Park, KS",custom
490276,Yeshiva Shaar Ephraim,"Monsey, NY",automatic
218539,Presbyterian College,"Clinton, SC",custom
173452,Martin Luther College,"New Ulm, MN",custom
169099,Calvin Theological Seminary,"Grand Rapids, MI",custom
233295,Randolph-Macon College,"Ashland, VA",custom
488846,University of the People,"Pasadena, CA",automatic
153269,Drake University,"Des Moines, IA",custom
137546,Stetson University,"DeLand, FL",custom
199157,North Carolina Central University,"Durham, NC",custom
212656,Geneva College,"Beaver Falls, PA",custom
142461,Northwest Nazarene University,"Nampa, ID",custom
139764,Georgia Southwestern State University,"Americus, GA",custom
114266,Evergreen Valley College,"San Jose, CA",custom
222062,Walters State Community College,"Morristown, TN",custom
115001,Glendale Community College,"Glendale, CA",custom
202763,The University of Findlay,"Findlay, OH",custom
441131,The Seattle School of Theology & Psychology,"Seattle, WA",custom
198455,Durham Technical Community College,"Durham, NC",custom
102429,Bevill State Community College,"Jasper, AL",custom
366395,Suffolk County Community College,"Selden, NY",custom
237701,Potomac State College of West Virginia University,"Keyser, WV",automatic
221670,Southern College of Optometry,"Memphis, TN",custom
105668,Rio Salado College,"Tempe, AZ",custom
199485,Rockingham Community College,"Wentworth, NC",automatic
142832,Adler University,"Chicago, IL",automatic
207582,Oral Roberts University,"Tulsa, OK",custom
122384,San Diego Miramar College,"San Diego, CA",automatic
194116,New York School of Interior Design,"New York, NY",custom
222992,Austin Community College District,"Austin, TX",custom
107974,South Arkansas College,"El Dorado, AR",custom
198507,Elizabeth City State University,"Elizabeth City, NC",custom
178891,Ranken Technical College,"Saint Louis, MO",automatic
161226,University of Maine at Farmington,"Farmington, ME",custom
146977,McCormick Theological Seminary,"Chicago, IL",custom
101569,Lawson State Community College,"Birmingham, AL",custom
168148,Tufts University,"Medford, MA",custom
204936,Otterbein University,"Westerville, OH",custom
113698,Dominican University of California,"San Rafael, CA",automatic
196121,SUNY Brockport,"Brockport, NY",custom
125471,West Los Angeles College,"Culver City, CA",automatic
198899,Mars Hill University,"Mars Hill, NC",custom
121707,College of the Redwoods,"Eureka, CA",custom
129774,Mitchell College,"New London, CT",custom
111939,Chaffey College,"Rancho Cucamonga, CA",automatic
420538,Arkansas State University-Mountain Home,"Mountain Home, AR",automatic
213446,Lancaster Theological Seminary,"Lancaster, PA",custom
174747,College of Saint Benedict,"Saint Joseph, MN",custom
208415,Clatsop Community College,"Astoria, OR",custom
206695,Youngstown State University,"Youngstown, OH",custom
119067,Monterey Peninsula College,"Monterey, CA",automatic
102298,Talladega College,"Talladega, AL",automatic
199908,Western Piedmont Community College,"Morganton, NC",custom
176406,Tougaloo College,"Tougaloo, MS",automatic
130776,Western Connecticut State University,"Danbury, CT",custom
241191,Universidad Adventista de las Antillas,"Mayaguez, PR",automatic
244233,City College-Hollywood,"Hollywood, FL",automatic
182290,University of Nevada-Reno,"Reno, NV",custom
216339,Temple University,"Philadelphia, PA",custom
447953,SUM Bible College and Theological Seminary,"El Dorado Hills, CA",custom
130253,Sacred Heart University,"Fairfield, CT",custom
106810,Crowley's Ridge College,"Paragould, AR",automatic
210605,Community College of Allegheny County,"Pittsburgh, PA",custom
175014,Rasmussen University-Minnesota,"St. Cloud, MN",custom
185828,New Jersey Institute of Technology,"Newark, NJ",automatic
175342,Alcorn State University,"Alcorn State, MS",automatic
153603,Iowa State University,"Ames, IA",custom
232052,Eastern Shore Community College,"Melfa, VA",automatic
176664,Baptist Bible College,"Springfield, MO",automatic
154174,Palmer College of Chiropractic,"Davenport, IA",custom
123800,Southwestern College,"Chula Vista, CA",custom
188137,Santa Fe Community College,"Santa Fe, NM",custom
175856,Jackson State University,"Jackson, MS",custom
122658,San Joaquin Delta College,"Stockton, CA",custom
166133,Holyoke Community College,"Holyoke, MA",custom
183275,Thomas More College of Liberal Arts,"Merrimack, NH",automatic
171146,University of Michigan-Flint,"Flint, MI",automatic
211893,Curtis Institute of Music,"Philadelphia, PA",automatic
199722,Southeastern Community College,"Whiteville, NC",custom
483124,Arizona State University Digital Immersion,"Scottsdale, AZ",automatic
121257,Pitzer College,"Claremont, CA",custom
128771,Central Connecticut State University,"New Britain, CT",custom
177339,Evangel University,"Springfield, MO",custom
201955,University of Cincinnati-Blue Ash College,"Blue Ash, OH",custom
444219,Folsom Lake College,"Folsom, CA",automatic
449524,Taylor College,"Ocala, FL",automatic
216038,Slippery Rock University of Pennsylvania,"Slippery Rock, PA",automatic
187620,New Mexico State University-Dona Ana,"Las Cruces, NM",custom
221759,The University of Tennessee-Knoxville,"Knoxville, TN",custom
172264,Siena Heights University,"Adrian, MI",custom
172954,Anoka Technical College,"Anoka, MN",custom
204440,Northwest State Community College,"Archbold, OH",custom
144175,City Colleges of Chicago-Olive-Harvey College,"Chicago, IL",custom
130907,Delaware Technical Community College-Terry,"Dover, DE",automatic
231420,Averett University,"Danville, VA",custom
232025,Emory & Henry College,"Emory, VA",custom
213507,Lebanon Valley College,"Annville, PA",custom
229887,Wiley College,"Marshall, TX",custom
156648,Elizabethtown Community and Technical College,"Elizabethtown, KY",automatic
203881,Marion Technical College,"Marion, OH",custom
200305,North Dakota State College of Science,"Wahpeton, ND",custom
499176,College of Biomedical Equipment Technology,"San Antonio, TX",automatic
133809,Florida College,"Temple Terrace, FL",automatic
420024,Centura College-Chesapeake,"Chesapeake, VA",automatic
193061,Mesivta of Eastern Parkway-Yeshiva Zichron Meilech,"Brooklyn, NY",automatic
104577,Eastern Arizona College,"Thatcher, AZ",automatic
219790,Bryan College-Dayton,"Dayton, TN",custom
220400,Jackson State Community College,"Jackson, TN",custom
142090,Boise Bible College,"Boise, ID",custom
192749,Manhattanville College,"Purchase, NY",custom
224712,Episcopal Theological Seminary of the Southwest,"Austin, TX",automatic
243823,Parker University,"Dallas, TX",custom
155511,McPherson College,"McPherson, KS",custom
172963,Anoka-Ramsey Community College,"Coon Rapids, MN",custom
377546,Northwest College of Art & Design,"Tacoma, WA",automatic
169716,University of Detroit Mercy,"Detroit, MI",automatic
154156,Des Moines University-Osteopathic Medical Center,"West Des Moines, IA",custom
145521,Highland Community College,"Freeport, IL",custom
217907,Coker University,"Hartsville, SC",automatic
445027,American InterContinental University System,"Chandler, AZ",automatic
174899,The College of Saint Scholastica,"Duluth, MN",custom
153162,Cornell College,"Mount Vernon, IA",custom
182980,New England College,"Henniker, NH",custom
200013,Rasmussen University-North Dakota,"Fargo, ND",custom
207254,Spartan College of Aeronautics and Technology,"Tulsa, OK",automatic
217776,Southern Wesleyan University,"Central, SC",custom
147369,Moody Bible Institute,"Chicago, IL",automatic
101295,George C Wallace State Community College-Hanceville,"Hanceville, AL",custom
136701,Saint Vincent de Paul Regional Seminary,"Boynton Beach, FL",custom
239248,Milwaukee Area Technical College,"Milwaukee, WI",custom
231095,Sterling College,"Craftsbury Common, VT",custom
140234,LaGrange College,"Lagrange, GA",custom
126942,Community College of Denver,"Denver, CO",custom
234696,Bellingham Technical College,"Bellingham, WA",automatic
199421,Randolph Community College,"Asheboro, NC",custom
245847,Antioch University-Santa Barbara,"Santa Barbara, CA",automatic
498562,Commonwealth University of Pennsylvania,"Bloomsburg, PA",automatic
100937,Birmingham-Southern College,"Birmingham, AL",custom
236708,Spokane Falls Community College,"Spokane, WA",automatic
214786,Pennsylvania State University-Penn State Greater Allegheny,"McKeesport, PA",automatic
192323,Le Moyne College,"Syracuse, NY",custom
492209,Reiss-Davis Graduate School,"Los Angeles, CA",custom
217615,Aiken Technical College,"Graniteville, SC",custom
215415,Pittsburgh Technical College,"Oakdale, PA",custom
149222,Southern Illinois University-Carbondale,"Carbondale, IL",custom
482158,Middle Georgia State University,"Macon, GA",automatic
197151,School of Visual Arts,"New York, NY",custom
159382,Louisiana State University-Alexandria,"Alexandria, LA",custom
203997,Methodist Theological School in Ohio,"Delaware, OH",custom
173902,Macalester College,"Saint Paul, MN",custom
190594,CUNY Hunter College,"New York, NY",automatic
180249,Great Falls College Montana State University,"Great Falls, MT",custom
139755,Georgia Institute of Technology-Main Campus,"Atlanta, GA",custom
170055,Grand Rapids Community College,"Grand Rapids, MI",custom
197285,The College of Westchester,"White Plains, NY",custom
167987,University of Massachusetts-Dartmouth,"North Dartmouth, MA",custom
217536,Salve Regina University,"Newport, RI",custom
217998,Erskine College,"Due West, SC",custom
102313,H Councill Trenholm State Community College,"Montgomery, AL",automatic
226879,Wade College,"Dallas, TX",automatic
225308,Trinity Valley Community College,"Athens, TX",custom
162168,Chesapeake College,"Wye Mills, MD",custom
217688,Charleston Southern University,"Charleston, SC",custom
218441,North Greenville University,"Tigerville, SC",custom
139463,Dalton State College,"Dalton, GA",custom
199625,Sampson Community College,"Clinton, NC",automatic
229063,Texas Southern University,"Houston, TX",custom
123484,College of the Siskiyous,"Weed, CA",custom
190585,CUNY Hostos Community College,"Bronx, NY",automatic
240268,University of Wisconsin-Eau Claire,"Eau Claire, WI",custom
215266,University of Pittsburgh-Bradford,"Bradford, PA",custom
214689,Pennsylvania State University-Penn State Altoona,"Altoona, PA",automatic
487418,Florida Career College-Lauderdale Lakes,"Lauderdale Lakes, FL",automatic
125091,Victor Valley College,"Victorville, CA",custom
218025,Florence-Darlington Technical College,"Florence, SC",custom
190716,D'Youville  University,"Buffalo, NY",automatic
170976,University of Michigan-Ann Arbor,"Ann Arbor, MI",custom
217934,Columbia College,"Columbia, SC",custom
186283,Rider University,"Lawrenceville, NJ",custom
217961,Converse University,"Spartanburg, SC",custom
163426,Montgomery College,"Rockville, MD",custom
138354,The University of West Florida,"Pensacola, FL",custom
196015,SUNY College of Technology at Canton,"Canton, NY",custom
194569,Davis College,"Pottersville, NY",custom
489201,Clovis Community College,"Fresno, CA",automatic
197294,SUNY Westchester Community College,"Valhalla, NY",custom
174358,Minnesota State University Moorhead,"Moorhead, MN",custom
133386,Daytona State College,"Daytona Beach, FL",custom
118976,Modesto Junior College,"Modesto, CA",custom
442569,University of Arkansas Grantham,"LIttle Rock, AR",custom
157711,Somerset Community College,"Somerset, KY",custom
199856,Wake Technical Community College,"Raleigh, NC",custom
443049,Faith International University,"Tacoma, WA",automatic
157483,West Kentucky Community and Technical College,"Paducah, KY",automatic
245883,Antioch University-Seattle,"Seattle, WA",custom
439783,New York College of Traditional Chinese Medicine,"Mineola, NY",custom
188021,New Mexico State University-Grants,"Grants, NM",custom
153834,Luther College,"Decorah, IA",custom
231882,Danville Community College,"Danville, VA",automatic
169363,Concordia University Ann Arbor,"Ann Arbor, MI",automatic
197647,Yeshiva Derech Chaim,"Brooklyn, NY",automatic
100663,University of Alabama at Birmingham,"Birmingham, AL",custom
107992,Southern Arkansas University Tech,"Camden, AR",custom
200332,North Dakota State University-Main Campus,"Fargo, ND",custom
198154,Cape Fear Community College,"Wilmington, NC",automatic
369516,Bryan University,"Springfield, MO",automatic
197887,Asheville-Buncombe Technical Community College,"Asheville, NC",custom
186618,Saint Elizabeth University,"Morristown, NJ",custom
160977,Bates College,"Lewiston, ME",custom
241614,Universidad Teologica del Caribe,"Trujillo Alto, PR",automatic
146427,Knox College,"Galesburg, IL",custom
381459,Phoenix Seminary,"Scottsdale, AZ",custom
414878,Trine University-Regional/Non-Traditional Campuses,"Angola, IN",automatic
493707,Yeshiva Gedolah of Woodlake Village,"Lakewood, NJ",automatic
183804,Beth Medrash Govoha,"Lakewood, NJ",automatic
199607,Salem College,"Winston-Salem, NC",custom
197708,Yeshiva University,"New York, NY",automatic
212115,East Stroudsburg University of Pennsylvania,"East Stroudsburg, PA",automatic
160658,University of Louisiana at Lafayette,"Lafayette, LA",custom
209922,Reed College,"Portland, OR",custom
203128,Hiram College,"Hiram, OH",custom
227854,St Philip's College,"San Antonio, TX",custom
150774,Holy Cross College,"Notre Dame, IN",automatic
171304,Muskegon Community College,"Muskegon, MI",custom
204866,Ohio University-Zanesville Campus,"Zanesville, OH",automatic
444398,Baptist University of the Americas,"San Antonio, TX",automatic
443562,Dewey University-Hato Rey,"Hato Rey, PR",automatic
240505,Casper College,"Casper, WY",automatic
122755,San Jose State University,"San Jose, CA",automatic
488800,Teachers College of San Joaquin,"Stockton, CA",automatic
150288,Concordia Theological Seminary,"Fort Wayne, IN",automatic
232089,Ferrum College,"Ferrum, VA",custom
219259,Northern State University,"Aberdeen, SD",custom
193283,Mohawk Valley Community College,"Utica, NY",custom
153384,Grinnell College,"Grinnell, IA",custom
231785,Bryant & Stratton College-Virginia Beach,"Virginia Beach, VA",automatic
167729,Salem State University,"Salem, MA",custom
108870,American Film Institute Conservatory,"Los Angeles, CA",custom
154527,Wartburg College,"Waverly, IA",custom
107512,Ouachita Baptist University,"Arkadelphia, AR",custom
139144,Berry College,"Mount Berry, GA",custom
238014,West Virginia Northern Community College,"Wheeling, WV",custom
462044,Institute for Doctoral Studies in the Visual Arts,"Portland, ME",automatic
170444,Jackson College,"Jackson, MI",custom
219639,Baptist Health Sciences University,"Memphis, TN",custom
220631,Lincoln Memorial University,"Harrogate, TN",custom
162690,Hagerstown Community College,"Hagerstown, MD",custom
475635,Beverly Hills Design Institute,"Beverly Hills, CA",automatic
222567,Alvin Community College,"Alvin, TX",custom
130934,Delaware State University,"Dover, DE",automatic
220710,Maryville College,"Maryville, TN",custom
110538,California State University-Chico,"Chico, CA",custom
199892,Wayne Community College,"Goldsboro, NC",custom
190053,Clinton Community College,"Plattsburgh, NY",custom
456542,Geisinger Commonwealth School of Medicine,"Scranton, PA",custom
181297,Nebraska Methodist College of Nursing & Allied Health,"Omaha, NE",custom
224527,East Texas Baptist University,"Marshall, TX",custom
197674,Yeshiva of Nitra Rabbinical College,"Chester, NY",automatic
221953,Tusculum University,"Greeneville, TN",custom
106883,East Arkansas Community College,"Forrest City, AR",automatic
169479,Davenport University,"Grand Rapids, MI",custom
207722,University of Science and Arts of Oklahoma,"Chickasha, OK",custom
450128,Blue Cliff College-Alexandria,"Alexandria, LA",automatic
132471,Barry University,"Miami, FL",custom
182917,Magdalen College,"Warner, NH",automatic
107521,Arkansas State University Three Rivers,"Malvern, AR",custom
198695,High Point University,"High Point, NC",custom
240417,University of Wisconsin-Stout,"Menomonie, WI",custom
198534,Fayetteville Technical Community College,"Fayetteville, NC",custom
190530,CUNY Bronx Community College,"Bronx, NY",automatic
154129,Northwest Iowa Community College,"Sheldon, IA",automatic
148982,Spertus College,"Chicago, IL",automatic
109350,Antelope Valley Community College District,"Lancaster, CA",automatic
443784,Strayer University-Pennsylvania,"Trevose, PA",automatic
236133,Northwest University,"Kirkland, WA",custom
446002,American Academy of Health and Wellness,"Roseville, MN",automatic
176239,Pearl River Community College,"Poplarville, MS",automatic
166045,Hebrew College,"Newton, MA",automatic
157951,Western Kentucky University,"Bowling Green, KY",custom
235149,Everett Community College,"Everett, WA",automatic
127820,Pikes Peak State College,"Colorado Springs, CO",automatic
131973,Wesley Theological Seminary,"Washington, DC",custom
196866,Union College,"Schenectady, NY",custom
239309,Milwaukee Institute of Art & Design,"Milwaukee, WI",custom
202073,Cleveland Institute of Music,"Cleveland, OH",automatic
183114,River Valley Community College,"Claremont, NH",automatic
102395,United States Sports Academy,"Daphne, AL",automatic
101435,Huntingdon College,"Montgomery, AL",custom
101505,Jefferson State Community College,"Birmingham, AL",custom
219091,Dakota Wesleyan University,"Mitchell, SD",automatic
224961,Galveston College,"Galveston, TX",automatic
214810,Pennsylvania State University-Penn State Schuylkill,"Schuylkill Haven, PA",automatic
174154,Herzing University-Minneapolis,"St. Louis Park, MN",custom
240338,Wisconsin Lutheran College,"Milwaukee, WI",custom
189547,SUNY Broome Community College,"Binghamton, NY",automatic
154378,Southeastern Community College,"West Burlington, IA",custom
153366,Graceland University-Lamoni,"Lamoni, IA",custom
405854,Rabbinical College of Ohr Shimon Yisroel,"Brooklyn, NY",automatic
486938,Chamberlain University-Nevada,"Las Vegas, NV",automatic
198862,Livingstone College,"Salisbury, NC",custom
262031,St Charles Community College,"Cottleville, MO",automatic
490753,Maine Media College,"Rockport, ME",automatic
156921,Jefferson Community and Technical College,"Louisville, KY",automatic
242121,Humacao Community College,"Humacao, PR",automatic
120971,Palomar College,"San Marcos, CA",custom
112686,Compton College,"Compton, CA",custom
223472,Vet Tech Institute of Houston,"Houston, TX",automatic
179344,Missouri State University-West Plains,"West Plains, MO",custom
101675,Miles College,"Fairfield, AL",custom
203492,Kent State University at Salem,"Salem, OH",automatic
127732,Northeastern Junior College,"Sterling, CO",custom
144944,Elgin Community College,"Elgin, IL",custom
138901,Atlanta Metropolitan State College,"Atlanta, GA",automatic
100690,Amridge University,"Montgomery, AL",automatic
414966,Phillips Theological Seminary,"Tulsa, OK",automatic
239372,Moraine Park Technical College,"Fond du Lac, WI",custom
207458,Oklahoma City University,"Oklahoma City, OK",custom
225502,University of Houston-Victoria,"Victoria, TX",custom
180522,Montana State University-Northern,"Havre, MT",automatic
161341,University of Maine at Presque Isle,"Presque Isle, ME",custom
202046,Cleveland Institute of Art,"Cleveland, OH",custom
171456,Northern Michigan University,"Marquette, MI",custom
172291,St Clair County Community College,"Port Huron, MI",automatic
246895,GateWay Community College-Central City,"Phoenix, AZ",automatic
131803,Strayer University-District of Columbia,"Washington, DC",custom
149727,Waubonsee Community College,"Sugar Grove, IL",custom
173911,South Central College,"North Mankato, MN",custom
187198,"UCNJ Union College of Union County, NJ","Cranford, NJ",custom
204200,Mount St. Joseph University,"Cincinnati, OH",custom
137777,Talmudic College of Florida,"Miami Beach, FL",automatic
155210,Johnson County Community College,"Overland Park, KS",custom
146755,Trinity College of Nursing & Health Sciences,"Rock Island, IL",automatic
401250,Yo San University of Traditional Chinese Medicine,"Los Angeles, CA",automatic
488448,Seattle Film Institute,"Seattle, WA",automatic
222628,Amberton University,"Garland, TX",automatic
170967,Rochester University,"Rochester Hills, MI",automatic
176947,Central Methodist University-College of Liberal Arts and Sciences,"Fayette, MO",custom
155618,Northwest Kansas Technical College,"Goodland, KS",automatic
187903,New Mexico Junior College,"Hobbs, NM",automatic
188058,Northern New Mexico College,"Espanola, NM",custom
493594,Yeshiva of Ocean,"Greenfield Park, NY",automatic
120342,Orange Coast College,"Costa Mesa, CA",automatic
196307,Upstate Medical University,"Syracuse, NY",automatic
228884,Texas College,"Tyler, TX",custom
188854,American Musical and Dramatic Academy,"New York, NY",automatic
481094,Sotheby's Institute of Art-NY,"New York, NY",automatic
106467,Arkansas Tech University,"Russellville, AR",custom
174127,Minneapolis College of Art and Design,"Minneapolis, MN",custom
164632,Bay Path University,"Longmeadow, MA",custom
100724,Alabama State University,"Montgomery, AL",custom
155520,MidAmerica Nazarene University,"Olathe, KS",custom
146685,Lincoln Land Community College,"Springfield, IL",custom
205470,Sinclair Community College,"Dayton, OH",custom
184995,Hudson County Community College,"Jersey City, NJ",automatic
492476,EDP University of Puerto Rico-Villalba,"Villalba, PR",automatic
139366,Columbus State University,"Columbus, GA",custom
231068,SIT Graduate Institute,"Brattleboro, VT",automatic
196042,Farmingdale State College,"Farmingdale, NY",custom
154800,Butler Community College,"El Dorado, KS",custom
104160,Arizona Western College,"Yuma, AZ",custom
178387,Missouri Western State University,"Saint Joseph, MO",custom
199795,Tri-County Community College,"Murphy, NC",automatic
166489,Longy School of Music of Bard College,"Cambridge, MA",custom
203748,Lorain County Community College,"Elyria, OH",custom
165945,Gordon-Conwell Theological Seminary,"South Hamilton, MA",custom
199449,Richmond Community College,"Hamlet, NC",custom
154022,Ashford University,"San Diego, CA",custom
137032,Saint Leo University,"Saint Leo, FL",custom
192110,The Juilliard School,"New York, NY",automatic
171483,Northwestern Michigan College,"Traverse City, MI",custom
150987,Ivy Tech Community College,"Indianapolis, IN",custom
222822,Angelina College,"Lufkin, TX",custom
199768,Surry Community College,"Dobson, NC",custom
243346,Universidad Ana G. Mendez-Carolina Campus,"Carolina, PR",custom
126207,Aims Community College,"Greeley, CO",custom
376385,Universal Technology College of Puerto Rico,"Aguadilla, PR",automatic
460756,Hawaii Medical College,"Honolulu, HI",automatic
494551,Glasgow Caledonian New York College,"New York, NY",automatic
176628,Avila University,"Kansas City, MO",custom
171535,Oakland Community College,"Auburn Hills, MI",custom
232566,Longwood University,"Farmville, VA",custom
153241,Divine Word College,"Epworth, IA",automatic
101240,Gadsden State Community College,"Gadsden, AL",automatic
209250,Mt Hood Community College,"Gresham, OR",custom
159966,Nicholls State University,"Thibodaux, LA",custom
403487,Wabash Valley College,"Mount Carmel, IL",custom
239512,Northland College,"Ashland, WI",custom
190655,CUNY New York City College of Technology,"Brooklyn, NY",custom
179715,North Central Missouri College,"Trenton, MO",custom
153302,Emmaus Bible College,"Dubuque, IA",automatic
155450,Labette Community College,"Parsons, KS",automatic
439817,Northeastern Seminary,"Rochester, NY",automatic
125499,West Valley College,"Saratoga, CA",custom
194736,Rabbinical College of Long Island,"Long Beach, NY",automatic
122296,Samuel Merritt University,"Oakland, CA",custom
161688,Allegany College of Maryland,"Cumberland, MD",custom
236692,Spokane Community College,"Spokane, WA",automatic
220792,Meharry Medical College,"Nashville, TN",automatic
197735,Yeshivath Viznitz,"Monsey, NY",automatic
497462,RCCGNA Seminary,"Greenville, TX",automatic
137564,Southeastern University,"Lakeland, FL",custom
227687,Ranger College,"Ranger, TX",automatic
199865,Warren Wilson College,"Swannanoa, NC",automatic
148672,Sauk Valley Community College,"Dixon, IL",custom
218414,Newberry College,"Newberry, SC",automatic
226408,College of the Mainland,"Texas City, TX",custom
207290,Northeastern Oklahoma A&M College,"Miami, OK",custom
201140,Athenaeum of Ohio,"Cincinnati, OH",automatic
245865,Antioch University-New England,"Keene, NH",automatic
156356,Brescia University,"Owensboro, KY",custom
157298,Louisville Presbyterian Theological Seminary,"Louisville, KY",custom
461120,Omega Graduate School,"Dayton, TN",automatic
167394,College of Our Lady of the Elms,"Chicopee, MA",custom
227377,Texas Southmost College,"Brownsville, TX",automatic
146506,Lake Land College,"Mattoon, IL",automatic
238193,Alverno College,"Milwaukee, WI",automatic
183132,Manchester Community College,"Manchester, NH",automatic
218821,Spartanburg Methodist College,"Spartanburg, SC",custom
464226,Ottawa University-Surprise,"Surprise, AZ",automatic
141185,Toccoa Falls College,"Toccoa Falls, GA",custom
105747,Scottsdale Community College,"Scottsdale, AZ",automatic
105589,Prescott College,"Prescott, AZ",custom
404426,Coconino Community College,"Flagstaff, AZ",custom
114433,Feather River Community College District,"Quincy, CA",automatic
110778,Sofia University,"Palo Alto, CA",automatic
218751,Sherman College of Chiropractic,"Spartanburg, SC",custom
199458,Mid-Atlantic Christian University,"Elizabeth City, NC",custom
482422,DeVry University-Arizona,"Phoenix, AZ",custom
115214,Graduate Theological Union,"Berkeley, CA",custom
155636,Ottawa University-Kansas City,"Overland Park, KS",automatic
220996,Middle Tennessee School of Anesthesia Inc,"Madison, TN",automatic
156338,Southcentral Kentucky Community and Technical College,"Bowling Green, KY",automatic
485698,American College of the Building Arts,"Charleston, SC",automatic
153445,Hawkeye Community College,"Waterloo, IA",custom
129367,Connecticut State Community College,"Hartford, CT",custom
124487,Epic Bible College & Graduate School,"Sacramento, CA",automatic
198260,Central Piedmont Community College,"Charlotte, NC",custom
176336,Southeastern Baptist College,"Laurel, MS",automatic
436614,International Baptist College and Seminary,"Chandler, AZ",custom
173957,Mayo Clinic College of Medicine and Science,"Rochester, MN",automatic
489779,Purdue University Global,"West Lafayette, IN",automatic
423643,Midwestern University-Glendale,"Glendale, AZ",custom
218645,University of South Carolina Aiken,"Aiken, SC",custom
229841,Wharton County Junior College,"Wharton, TX",custom
238980,Lakeland University,"Plymouth, WI",custom
154925,Coffeyville Community College,"Coffeyville, KS",automatic
153533,Iowa Lakes Community College,"Estherville, IA",automatic
137759,Tallahassee Community College,"Tallahassee, FL",automatic
189592,Bryant & Stratton College-Greece,"Rochester, NY",automatic
219842,Pentecostal Theological Seminary,"Cleveland, TN",custom
109819,Bakersfield College,"Bakersfield, CA",custom
177968,Lindenwood University,"Saint Charles, MO",custom
198109,Cabarrus College of Health Sciences,"Concord, NC",custom
126289,Arapahoe Community College,"Littleton, CO",custom
454838,Institute of Taoist Education and Acupuncture,"Louisville, CO",automatic
439190,Cascadia College,"Bothell, WA",custom
199263,Pamlico Community College,"Grantsboro, NC",custom
439020,Midwest College of Oriental Medicine-Skokie,"Skokie, IL",automatic
455992,Vermont College of Fine Arts,"Montpelier, VT",custom
206923,Carl Albert State College,"Poteau, OK",automatic
381352,Colorado Chinese Medicine University,"Denver, CO",automatic
219240,Kairos University,"Sioux Falls, SD",custom
117557,Lincoln University,"Oakland, CA",automatic
200341,Williston State College,"Williston, ND",automatic
198640,Halifax Community College,"Weldon, NC",automatic
144209,City Colleges of Chicago-Harold Washington College,"Chicago, IL",custom
237729,Academy of Careers and Technology,"Beckley, WV",automatic
484871,Rabbinical College Ohr Yisroel,"Brooklyn, NY",automatic
496043,California University of Science and Medicine,"Colton, CA",automatic
243443,Universidad del Sagrado Corazon,"Santurce, PR",automatic
377661,Valley College-Martinsburg,"Martinsburg, WV",automatic
493664,Yeshivat Hechal Shemuel,"Brooklyn, NY",automatic
120166,San Francisco Bay University,"Fremont, CA",automatic
177995,Metropolitan Community College-Kansas City,"Kansas City, MO",custom
241836,EDP University of Puerto Rico Inc-San Sebastian,"San Sebastian, PR",automatic
190646,CUNY Medgar Evers College,"Brooklyn, NY",automatic
376695,College of the Marshall Islands,"Majuro, MH",custom
449834,Virginia Beach Theological Seminary,"Virginia Beach, VA",automatic
436836,University of Connecticut-Stamford,"Stamford, CT",automatic
108269,Academy of Chinese Culture and Health Sciences,"Oakland, CA",automatic
160959,College of the Atlantic,"Bar Harbor, ME",automatic
208035,Western Oklahoma State College,"Altus, OK",custom
117672,Southern California University of Health Sciences,"Whittier, CA",custom
482228,Veritas Baptist College,"Lawrenceburg, IN",automatic
219198,Mount Marty University,"Yankton, SD",custom
242635,Inter American University of Puerto Rico-Arecibo,"Arecibo, PR",automatic
210438,University of Western States,"Portland, OR",custom
180081,Highlands College of Montana Tech,"Butte, MT",custom
488305,Elim Bible Institute and College,"Lima, NY",automatic
218885,Tri-County Technical College,"Pendleton, SC",custom
180902,Central Community College,"Grand Island, NE",custom
148405,Rockford University,"Rockford, IL",custom
202514,Defiance College,"Defiance, OH",custom
188100,San Juan College,"Farmington, NM",custom
107460,North Arkansas College,"Harrison, AR",automatic
216825,Westmoreland County Community College,"Youngwood, PA",custom
173461,Lake Superior College,"Duluth, MN",automatic
161873,University of Baltimore,"Baltimore, MD",custom
403478,Lincoln Trail College,"Robinson, IL",custom
123341,Sierra College,"Rocklin, CA",automatic
453163,Strayer University-North Carolina,"Greensboro, NC",automatic
443076,Hood Theological Seminary,"Salisbury, NC",custom
186186,Rabbinical College of America,"Morristown, NJ",automatic
156222,Asbury Theological Seminary,"Wilmore, KY",custom
157100,Kentucky Christian University,"Grayson, KY",automatic
166823,Massasoit Community College,"Brockton, MA",automatic
210234,Treasure Valley Community College,"Ontario, OR",custom
457402,University of Fort Lauderdale,"Lauderhill, FL",automatic
385415,Albert Einstein College of Medicine,"Bronx, NY",automatic
435000,Louisiana State University Health Sciences Center-Shreveport,"Shreveport, LA",custom
168607,Alpena Community College,"Alpena, MI",custom
200192,Lake Region State College,"Devils Lake, ND",custom
153472,Indian Hills Community College,"Ottumwa, IA",custom
117733,Los Angeles Valley College,"Valley Glen, CA",automatic
248934,ECPI University,"Virginia Beach, VA",custom
178679,Ozark Christian College,"Joplin, MO",custom
206288,United Theological Seminary,"Dayton, OH",automatic
220206,Welch College,"Gallatin, TN",custom
216463,Trinity Episcopal School for Ministry,"Ambridge, PA",automatic
236072,North Seattle College,"Seattle, WA",automatic
161217,University of Maine at Augusta,"Augusta, ME",custom
443702,"Bexley Hall Seabury Western Theological Seminary Federation, Inc.","Chicago, IL",custom
167792,Bard College at Simon's Rock,"Great Barrington, MA",custom
196431,Talmudical Seminary Oholei Torah,"Brooklyn, NY",automatic
193247,Mirrer Yeshiva Cent Institute,"Brooklyn, NY",automatic
366465,Ogeechee Technical College,"Statesboro, GA",custom
135610,Trinity International University-Florida,"Miami, FL",automatic
181604,College of Saint Mary,"Omaha, NE",automatic
122791,College of San Mateo,"San Mateo, CA",automatic
189565,Bryant & Stratton College-Syracuse North,"Liverpool, NY",automatic
363916,Caribbean University-Vega Baja,"Vega Baja, PR",custom
242705,Inter American University of Puerto Rico-Bayamon,"Bayamon, PR",automatic
404222,Inter American University of Puerto Rico-School of Optometry,"Bayamon, PR",automatic
189839,Cayuga County Community College,"Auburn, NY",custom
260789,Platt College-Los Angeles,"Alhambra, CA",automatic
209287,Multnomah University,"Portland, OR",automatic
364946,Caddo Kiowa Technology Center,"Fort Cobb, OK",custom
439701,The King's University,"Southlake, TX",automatic
188517,Bryant & Stratton College-Albany,"Albany, NY",automatic
198303,Chowan University,"Murfreesboro, NC",automatic
207236,Murray State College,"Tishomingo, OK",custom
233310,Rappahannock Community College,"Glenns, VA",custom
235750,Lower Columbia College,"Longview, WA",automatic
456205,Miller-Motte College-Raleigh,"Raleigh, NC",automatic
181640,Southeast Community College Area,"Lincoln, NE",automatic
210368,Western Seminary,"Portland, OR",automatic
215585,Reading Area Community College,"Reading, PA",custom
219426,Southeast Technical College,"Sioux Falls, SD",custom
126827,Colorado Technical University-Colorado Springs,"Colorado Springs, CO",automatic
366003,South Florida Bible College and Theological Seminary,"Deerfield Beach, FL",automatic
114585,Five Branches University,"Santa Cruz, CA",automatic
178448,Moberly Area Community College,"Moberly, MO",custom
127158,Emily Griffith Technical College,"Denver, CO",custom
160065,University of Holy Cross,"New Orleans, LA",custom
491057,Yeshiva Kollel Tifereth Elizer,"Brooklyn, NY",automatic
234979,Columbia Basin College,"Pasco, WA",custom
235671,Bates Technical College,"Tacoma, WA",automatic
487409,Florida Career College-Hialeah,"Hialeah, FL",automatic
458973,Strayer University-Texas,"Farmers Branch, TX",automatic
151962,Mid-America College of Funeral Service,"Jeffersonville, IN",automatic
126012,The Wright Institute,"Berkeley, CA",custom
187976,University of New Mexico-Los Alamos Campus,"Los Alamos, NM",automatic
193858,New York School for Medical and Dental Assistants,"Long Island City, NY",automatic
217040,Yeshivath Beth Moshe,"Scranton, PA",automatic
142957,American Islamic College,"Chicago, IL",automatic
496399,Agape College of Business and Science,"Fresno, CA",automatic
491914,Yeshiva Gedola Tiferes Yerachmiel,"Lakewood, NJ",automatic
154262,St Luke's College,"Sioux City, IA",automatic
488350,Yeshiva Gedolah Shaarei Shmuel,"Lakewood, NJ",automatic
197018,United Talmudical Seminary,"Brooklyn, NY",automatic
180151,Dawson Community College,"Glendive, MT",custom
191597,Helene Fuld College of Nursing,"New York, NY",custom
215309,University of Pittsburgh-Titusville,"Titusville, PA",custom
481030,Future Generations University,"Franklin, WV",automatic
107585,University of Arkansas Community College-Morrilton,"Morrilton, AR",custom
214704,Pennsylvania State University-Penn State Berks,"Reading, PA",automatic
481535,Sanford Burnham Prebys Medical Discovery Institute,"La Jolla, CA",automatic
451927,Patrick Henry College,"Purcellville, VA",custom
170587,Kirtland Community College,"Grayling, MI",custom
217305,New England Institute of Technology,"East Greenwich, RI",automatic
165884,Benjamin Franklin Cummings Institute of Technology,"Boston, MA",custom
107549,Ozarka College,"Melbourne, AR",automatic
364627,Pioneer Technology Center,"Ponca City, OK",custom
187639,Clovis Community College,"Clovis, NM",custom
233338,Richard Bland College,"South Prince George, VA",custom
401223,World Mission University,"Los Angeles, CA",automatic
414911,Pennsylvania Highlands Community College,"Johnstown, PA",custom
203614,Collins Career Technical Center,"Chesapeake, OH",automatic
180197,Flathead Valley Community College,"Kalispell, MT",custom
206817,Bacone College,"Muskogee, OK",automatic
179812,Kansas City University,"Kansas City, MO",custom
407577,Scioto County Career Technical Center,"Lucasville, OH",custom
136473,Pensacola State College,"Pensacola, FL",custom
215275,University of Pittsburgh-Greensburg,"Greensburg, PA",automatic
481401,Grace School of Theology,"Conroe, TX",automatic
156727,Frontier Nursing University,"Versailles, KY",custom
166911,Montserrat College of Art,"Beverly, MA",custom
233903,Virginia Highlands Community College,"Abingdon, VA",custom
201432,Bowling Green State University-Firelands,"Huron, OH",automatic
147411,Morton College,"Cicero, IL",automatic
486257,Valor Christian College,"Canal Winchester, OH",automatic
142887,American Academy of Art College,"Chicago, IL",custom
433068,Okaloosa Technical College,"Fort Walton Beach, FL",automatic
143297,Blessing Rieman College of Nursing and Health Sciences,"Quincy, IL",custom
239442,Nicolet Area Technical College,"Rhinelander, WI",custom
475273,"Springfield College-Regional, Online, and Continuing Education","Springfield, MA",automatic
227289,Oblate School of Theology,"San Antonio, TX",automatic
434900,Dewey University-Carolina,"Carolina, PR",automatic
241395,Pontifical Catholic University of Puerto Rico-Arecibo,"Arecibo, PR",automatic
490513,Bais Medrash Mayan Hatorah,"Lakewood, NJ",automatic
437097,University of Management and Technology,"Arlington, VA",custom
156392,Bluegrass Community and Technical College,"Lexington, KY",custom
106713,Central Baptist College,"Conway, AR",automatic
205966,Southern State Community College,"Hillsboro, OH",automatic
220552,South College,"Knoxville, TN",automatic
492607,The Chicago School at Dallas,"Richardson, TX",custom
486354,United International College,"Miramar, FL",automatic
237844,Fred W Eberle Technical Center,"Buckhannon, WV",automatic
209490,Oregon Health & Science University,"Portland, OR",custom
238324,Bellin College,"Green Bay, WI",automatic
199953,Wilson Community College,"Wilson, NC",custom
214768,Pennsylvania State University-Penn State Hazleton,"Hazleton, PA",automatic
140243,Lanier Technical College,"Gainesville, GA",custom
153977,Mercy College of Health Sciences,"Des Moines, IA",custom
198871,Louisburg College,"Louisburg, NC",automatic
166717,William James College,"Newton, MA",automatic
459329,Fred K Marchman Technical College,"New Port Richey, FL",automatic
151865,Anabaptist Mennonite Biblical Seminary,"Elkhart, IN",custom
162557,Frederick Community College,"Frederick, MD",automatic
242662,Inter American University of Puerto Rico-Ponce,"Mercedita, PR",automatic
158088,Central Louisiana Technical Community College,"Alexandria, LA",custom
490045,Presbyterian Theological Seminary in America,"Santa Fe Springs, CA",automatic
135081,Keiser University-Ft Lauderdale,"Fort Lauderdale, FL",automatic
174570,Pine Technical & Community College,"Pine City, MN",automatic
124283,Claremont School of Theology,"Claremont, CA",custom
407513,Pickaway Ross Joint Vocational School District,"Chillicothe, OH",automatic
180832,Clarkson College,"Omaha, NE",custom
239424,Nashotah House,"Nashotah, WI",automatic
475422,Finger Lakes Health College of Nursing & Health Sciences,"Geneva, NY",automatic
155070,Barclay College,"Haviland, KS",custom
449764,Visible Music College,"Memphis, TN",custom
479956,Pennsylvania State University-World Campus,"University Park, PA",automatic
368452,Nossi College of Art and Design,"Nashville, TN",automatic
251312,South University-Columbia,"Columbia, SC",custom
484613,University of Phoenix-Arizona,"Phoenix, AZ",custom
183071,University of New Hampshire at Manchester,"Manchester, NH",automatic
442356,Pennsylvania College of Health Sciences,"Lancaster, PA",custom
123952,Southern California Institute of Architecture,"Los Angeles, CA",automatic
173896,Luther Seminary,"Saint Paul, MN",automatic
175227,Dunwoody College of Technology,"Minneapolis, MN",automatic
428392,Klamath Community College,"Klamath Falls, OR",automatic
243586,Pontifical Catholic University of Puerto Rico-Mayaguez,"Mayaguez, PR",automatic
487153,The Chicago School at Xavier University of Louisiana,"New Orleans, LA",automatic
112394,University of Silicon Valley,"San Jose, CA",automatic
220394,Tennessee College of Applied Technology-Jacksboro,"Jacksboro, TN",automatic
209241,Mount Angel Seminary,"Saint Benedict, OR",custom
203526,Kent State University at Geauga,"Burton, OH",automatic
154518,Waldorf University,"Forest City, IA",custom
112525,Western University of Health Sciences,"Pomona, CA",custom
457271,Academy for Jewish Religion California,"Los Angeles, CA",automatic
488891,South Dade Technical College-South Dade Skills Center Campus,"HOMESTEAD, FL",automatic
129154,Goodwin University,"East Hartford, CT",custom
243638,College of Micronesia-FSM,"Pohnpei, FM",custom
444413,Beis Medrash Heichal Dovid,"Far Rockaway, NY",automatic
214713,Pennsylvania State University-Penn State Harrisburg,"Middletown, PA",automatic
206154,Tri-State Bible College,"South Point, OH",automatic
490328,Mechon L'hoyroa,"Monsey, NY",automatic
432384,Platt College-Ontario,"Ontario, CA",automatic
448239,Careers Unlimited,"Orem, UT",automatic
104665,The School of Architecture,"Scottsdale, AZ",automatic
126359,Bel-Rea Institute of Animal Technology,"Denver, CO",automatic
459994,Strayer University-Global Region,"Washington, DC",automatic
445869,Divine Mercy University,"Sterling, VA",automatic
420556,Columbia Gorge Community College,"The Dalles, OR",automatic
378576,Pacific College of Health and Science,"San Diego, CA",custom
418302,Western Technology Center,"Burns Flat, OK",automatic
235334,Grays Harbor College,"Aberdeen, WA",custom
441414,M-DCPS The English Center,"Miami, FL",automatic
490373,Western Michigan University Homer Stryker M.D. School of Medicine,"Kalamazoo, MI",automatic
232618,Centra College,"Lynchburg, VA",automatic
126915,Technical College of the Rockies,"Delta, CO",automatic
216311,Talmudical Yeshiva of Philadelphia,"Philadelphia, PA",automatic
177834,A T Still University of Health Sciences,"Kirksville, MO",custom
487092,Emory University-Oxford College,"Oxford, GA",custom
111638,Casa Loma College-Los Angeles,"Sherman Oaks, CA",automatic
409591,Lorain County Joint Vocational School District,"Oberlin, OH",automatic
459842,Herzing University-Kenosha,"Kenosha, WI",custom
148885,University of Saint Mary of the Lake,"Mundelein, IL",automatic
165264,Laboure College of Healthcare,"Milton, MA",automatic
384412,University of the Potomac-Washington DC Campus,"Washington, DC",automatic
449038,Strayer University-Florida,"Tampa, FL",automatic
488059,Med College,"Hialeah, FL",automatic
229300,The University of Texas Health Science Center at Houston,"Houston, TX",custom
203544,Kettering College,"Kettering, OH",custom
365198,Southern Oklahoma Technology Center,"Ardmore, OK",automatic
445708,Johnson & Wales University-Charlotte,"Charlotte, NC",custom
214698,Pennsylvania State University-Penn State Beaver,"Monaca, PA",automatic
214670,Pennsylvania State University-Penn State Lehigh Valley,"Center Valley, PA",automatic
148511,Rush University,"Chicago, IL",automatic
174525,Oak Hills Christian College,"Bemidji, MN",custom
241331,Albizu University-San Juan,"San Juan, PR",automatic
459736,Touro University California,"Vallejo, CA",automatic
192040,Jewish Theological Seminary of America,"New York, NY",custom
455433,The Chicago School at Anaheim,"Anaheim, CA",custom
223223,Baylor College of Medicine,"Houston, TX",automatic
482574,DeVry University-Ohio,"Columbus, OH",custom
488721,NationsUniversity,"New Orleans, LA",automatic
444954,Mountwest Community and Technical College,"Huntington, WV",automatic
451404,Talmudical Seminary of Bobov,"Brooklyn, NY",automatic
443340,Williamson Christian College,"Franklin, TN",automatic
198570,Gaston College,"Dallas, NC",custom
118347,College of Marin,"Kentfield, CA",automatic
441760,Lamar Institute of Technology,"Beaumont, TX",custom
207670,Rose State College,"Midwest City, OK",custom
180489,The University of Montana,"Missoula, MT",automatic
113236,Cypress College,"Cypress, CA",custom
165981,Greenfield Community College,"Greenfield, MA",automatic
235097,Eastern Washington University,"Cheney, WA",custom
237242,Cabell County Career Technology Center,"Huntington, WV",automatic
166683,Massachusetts Institute of Technology,"Cambridge, MA",custom
186122,Princeton Theological Seminary,"Princeton, NJ",automatic
195544,St. Joseph's University-New York,"Brooklyn, NY",custom
213321,King's College,"Wilkes-Barre, PA",custom
208053,High Plains Technology Center,"Woodward, OK",automatic
184348,Drew University,"Madison, NJ",custom
174473,Northland Community and Technical College,"Thief River Falls, MN",automatic
155423,Washburn Institute of Technology,"Topeka, KS",custom
121345,Pomona College,"Claremont, CA",custom
179894,Webster University,"Saint Louis, MO",custom
169275,Mott Community College,"Flint, MI",automatic
219480,Western Dakota Technical College,"Rapid City, SD",custom
157289,University of Louisville,"Louisville, KY",custom
146339,Judson University,"Elgin, IL",custom
209296,National University of Natural Medicine,"Portland, OR",custom
123563,Solano Community College,"Fairfield, CA",automatic
369659,Oregon College of Oriental Medicine,"Portland, OR",automatic
123961,University of Southern California,"Los Angeles, CA",custom
106342,Lyon College,"Batesville, AR",custom
239220,Mid-State Technical College,"Wisconsin Rapids, WI",automatic
232265,Hampton University,"Hampton, VA",custom
150756,Hanover College,"Hanover, IN",custom
237899,West Virginia State University,"Institute, WV",custom
132408,The Baptist College of Florida,"Graceville, FL",custom
204990,Payne Theological Seminary,"Wilberforce, OH",automatic
195304,Sarah Lawrence College,"Bronxville, NY",custom
173124,Bemidji State University,"Bemidji, MN",automatic
209746,Portland Community College,"Portland, OR",automatic
215886,Schuylkill Technology Center,"Frackville, PA",automatic
106625,Black River Technical College,"Pocahontas, AR",automatic
104708,Glendale Community College,"Glendale, AZ",automatic
214591,Pennsylvania State University-Penn State Erie-Behrend College,"Erie, PA",automatic
458885,Strayer University-Arkansas,"Little Rock, AR",automatic
169220,Michigan School of Psychology,"Farmington Hills, MI",automatic
459949,Texas A&M University-San Antonio,"San Antonio, TX",custom
212869,Harcum College,"Bryn Mawr, PA",custom
459268,South University-Virginia Beach,"Virginia Beach, VA",custom
233949,Virginia Western Community College,"Roanoke, VA",custom
139986,Southern Crescent Technical College,"Griffin, GA",custom
218229,Lander University,"Greenwood, SC",custom
198385,Davidson College,"Davidson, NC",custom
429128,Urban College of Boston,"Boston, MA",automatic
186201,Ramapo College of New Jersey,"Mahwah, NJ",automatic
105330,Northern Arizona University,"Flagstaff, AZ",custom
142179,College of Eastern Idaho,"Idaho Falls, ID",automatic
117751,The Master's University and Seminary,"Santa Clarita, CA",custom
211927,Delaware County Community College,"Media, PA",custom
237783,Salem University,"Salem, WV",custom
204705,Ohio State University-Newark Campus,"Newark, OH",custom
188182,University of the Southwest,"Hobbs, NM",custom
461485,Shepherds Theological Seminary,"Cary, NC",automatic
219082,Dakota State University,"Madison, SD",custom
163851,Salisbury University,"Salisbury, MD",custom
191719,Hudson Valley Community College,"Troy, NY",automatic
233019,Patrick & Henry Community College,"Martinsville, VA",automatic
157553,Big Sandy Community and Technical College,"Prestonsburg, KY",automatic
112075,Concordia University-Irvine,"Irvine, CA",custom
233648,Southwest Virginia Community College,"Cedar Bluff, VA",automatic
203483,Kent State University at Tuscarawas,"New Philadelphia, OH",automatic
220604,Le Moyne-Owen College,"Memphis, TN",custom
164173,Stevenson University,"Owings Mills, MD",custom
450960,Healthcare Career College,"Paramount, CA",automatic
494278,EDP University of Puerto Rico-Humacao,"Humacao, PR",automatic
420705,Bakke Graduate University,"Dallas, TX",automatic
420431,Oconee Fall Line Technical College,"Sandersville, GA",automatic
133553,Embry-Riddle Aeronautical University-Daytona Beach,"Daytona Beach, FL",custom
151342,Indiana University-South Bend,"South Bend, IN",custom
235431,Highline College,"Des Moines, WA",custom
242617,Inter American University of Puerto Rico-San German,"San German, PR",automatic
155399,Kansas State University,"Manhattan, KS",custom
156860,Hopkinsville Community College,"Hopkinsville, KY",custom
235422,Heritage University,"Toppenish, WA",automatic
190451,Pomeroy College of Nursing at Crouse Hospital,"East Syracuse, NY",custom
237817,Southern West Virginia Community and Technical College,"Logan, WV",custom
175980,Millsaps College,"Jackson, MS",custom
137847,The University of Tampa,"Tampa, FL",custom
227182,Lone Star College System,"The Woodlands, TX",custom
110370,California College of the Arts,"San Francisco, CA",custom
197036,United States Military Academy,"West  Point, NY",custom
458964,Strayer University-South Carolina,"Greenville, SC",automatic
441937,California State University-Channel Islands,"Camarillo, CA",automatic
173328,Concordia University-Saint Paul,"Saint Paul, MN",custom
240170,Western Technical College,"La Crosse, WI",custom
112127,Church Divinity School of the Pacific,"Berkeley, CA",automatic
179159,Saint Louis University,"Saint Louis, MO",custom
191083,Erie Community College,"Buffalo, NY",custom
111461,College of the Canyons,"Santa Clarita, CA",automatic
423652,Oregon Coast Community College,"Newport, OR",custom
187666,Eastern New Mexico University-Roswell Campus,"Roswell, NM",automatic
214795,Pennsylvania State University-Penn State Mont Alto,"Mont Alto, PA",custom
161138,Eastern Maine Community College,"Bangor, ME",automatic
198552,Forsyth Technical Community College,"Winston-Salem, NC",custom
164924,Boston College,"Chestnut Hill, MA",custom
133997,Florida Career College-Miami,"Miami, FL",automatic
177676,Jefferson College,"Hillsboro, MO",custom
488730,Northeast Lakeview College,"Universal City, TX",automatic
154934,Colby Community College,"Colby, KS",automatic
446640,Harrisburg University of Science and Technology,"Harrisburg, PA",custom
437103,Baton Rouge Community College,"Baton Rouge, LA",custom
384306,Acupuncture and Integrative Medicine College-Berkeley,"Berkeley, CA",automatic
173799,Inver Hills Community College,"Inver Grove Heights, MN",custom
106485,University of Arkansas at Monticello,"Monticello, AR",custom
168421,Worcester Polytechnic Institute,"Worcester, MA",custom
101143,Enterprise State Community College,"Enterprise, AL",automatic
138309,Rasmussen University-Florida,"Ocala, FL",custom
212577,Franklin and Marshall College,"Lancaster, PA",custom
204820,Ohio University-Chillicothe Campus,"Chillicothe, OH",automatic
141644,Hawaii Pacific University,"Honolulu, HI",custom
446774,Blue Ridge Community and Technical College,"Martinsburg, WV",automatic
482699,South Georgia State College,"Douglas, GA",custom
485999,Bet Medrash Gadol Ateret Torah,"Brooklyn, NY",automatic
444103,Byzantine Catholic Seminary of Saints Cyril and Methodius,"Pittsburgh, PA",automatic
183743,Bergen Community College,"Paramus, NJ",custom
216010,Shippensburg University of Pennsylvania,"Shippensburg, PA",automatic
214634,Pennsylvania State University-Penn State Shenango,"Sharon, PA",automatic
225371,Hill College,"Hillsboro, TX",custom
118718,Merced College,"Merced, CA",automatic
365480,Meridian Technology Center,"Stillwater, OK",custom
164368,Hult International Business School,"Cambridge, MA",automatic
149842,William Rainey Harper College,"Palatine, IL",custom
128328,United States Air Force Academy,"USAF Academy, CO",custom
430670,San Juan Bautista School of Medicine,"Caguas, PR",custom
198251,Central Carolina Community College,"Sanford, NC",custom
202949,Great Oaks Career Campuses,"Cincinnati, OH",automatic
446224,Eastern School of Acupuncture and Traditional Medicine,"Bloomfield, NJ",automatic
147536,National Louis University,"Chicago, IL",custom
176044,Mississippi Valley State University,"Itta Bena, MS",automatic
138840,Atlanta Technical College,"Atlanta, GA",automatic
236328,University of Puget Sound,"Tacoma, WA",custom
102845,Charter College,"Anchorage, AK",automatic
179566,Missouri State University-Springfield,"Springfield, MO",custom
137476,St. Thomas University,"Miami Gardens, FL",custom
227386,Panola College,"Carthage, TX",custom
146418,Kishwaukee College,"Malta, IL",automatic
494959,Northern Pennsylvania Regional College,"Warren, PA",custom
176798,Cape Girardeau Career and Technology Center,"Cape Girardeau, MO",automatic
163338,University of Maryland Eastern Shore,"Princess Anne, MD",custom
186034,Passaic County Community College,"Paterson, NJ",custom
211431,Carlow University,"Pittsburgh, PA",custom
203067,Hebrew Union College-Jewish Institute of Religion,"New York, NY",custom
188580,Albany Medical College,"Albany, NY",automatic
152600,Valparaiso University,"Valparaiso, IN",custom
173638,Minnesota West Community and Technical College,"Granite Falls, MN",automatic
190415,Cornell University,"Ithaca, NY",custom
486026,Yeshiva Sholom Shachna,"Brooklyn, NY",automatic
230746,Salt Lake Community College,"Salt Lake City, UT",custom
216047,Saint Charles Borromeo Seminary-Overbrook,"Wynnewood, PA",automatic
211583,Chestnut Hill College,"Philadelphia, PA",custom
476717,Be'er Yaakov Talmudic Seminary,"Spring Valley, NY",automatic
146533,Lakeview College of Nursing,"Danville, IL",automatic
454689,Taft University System,"Denver, CO",automatic
198321,Cleveland Community College,"Shelby, NC",automatic
221740,The University of Tennessee-Chattanooga,"Chattanooga, TN",custom
126863,Community College of Aurora,"Aurora, CO",custom
107044,Harding University,"Searcy, AR",custom
161022,Maine College of Health Professions,"Lewiston, ME",automatic
214731,Pennsylvania State University-Penn State Brandywine,"Media, PA",automatic
110316,California Institute of Integral Studies,"San Francisco, CA",custom
451866,Remington College-Shreveport Campus,"Shreveport, LA",automatic
195580,Saint Vladimirs Orthodox Theological Seminary,"Yonkers, NY",automatic
174491,University of Northwestern-St Paul,"Saint Paul, MN",custom
135267,Fort Myers Technical College,"Fort Myers, FL",custom
155900,Southwestern College,"Winfield, KS",automatic
442806,Edward Via College of Osteopathic Medicine,"Blacksburg, VA",custom
219879,Cleveland State Community College,"Cleveland, TN",custom
206862,Southern Nazarene University,"Bethany, OK",custom
140678,North Georgia Technical College,"Clarkesville, GA",custom
161554,University of Southern Maine,"Portland, ME",custom
206048,Tiffin University,"Tiffin, OH",custom
232609,University of Lynchburg,"Lynchburg, VA",custom
441210,East Valley Institute of Technology,"Mesa, AZ",automatic
141839,University of Hawaii Maui College,"Kahului, HI",custom
155177,Hesston College,"Hesston, KS",custom
430795,Carver Career Center,"Charleston, WV",automatic
121901,Riverside City College,"Riverside, CA",automatic
126775,Colorado School of Mines,"Golden, CO",automatic
196112,SUNY Polytechnic Institute,"Utica, NY",custom
137962,Trinity College of Florida,"Trinity, FL",automatic
222877,Arlington Baptist University,"Arlington, TX",automatic
495314,Hackensack Meridian School of Medicine,"Nutley, NJ",custom
225520,Howard College,"Big Spring, TX",custom
460376,Fairfax University of America,"Fairfax, VA",automatic
149639,VanderCook College of Music,"Chicago, IL",automatic
198136,Campbell University,"Buies Creek, NC",custom
139278,West Georgia Technical College,"Waco, GA",automatic
204662,Ohio State University Agricultural Technical Institute,"Wooster, OH",automatic
177065,Columbia College,"Columbia, MO",custom
167677,Saint John's Seminary,"Brighton, MA",automatic
218830,Spartanburg Community College,"Spartanburg, SC",custom
207865,Southwestern Oklahoma State University,"Weatherford, OK",custom
126182,Adams State University,"Alamosa, CO",automatic
201469,Bryant & Stratton College-Parma,"Parma, OH",automatic
214829,Pennsylvania State University-Penn State York,"York, PA",automatic
217891,Clinton College,"Rock Hill, SC",automatic
193405,Icahn School of Medicine at Mount Sinai,"New York, NY",automatic
171599,The University of Olivet,"Olivet, MI",custom
165866,Framingham State University,"Framingham, MA",custom
133951,Florida International University,"Miami, FL",custom
241793,Center for Advanced Studies On Puerto Rico and the Caribbean,"San Juan, PR",automatic
187648,Eastern New Mexico University-Main Campus,"Portales, NM",custom
494685,Urshan College,"Wentzville, MO",automatic
183044,University of New Hampshire-Main Campus,"Durham, NH",custom
191931,Iona University,"New Rochelle, NY",custom
141981,University of Hawaii-West Oahu,"Kapolei, HI",custom
188641,Alfred University,"Alfred, NY",custom
176770,Cox College,"Springfield, MO",custom
146481,Lake Forest College,"Lake Forest, IL",custom
228343,Southwestern University,"Georgetown, TX",custom
174862,Crown College,"Saint Bonifacius, MN",custom
143279,Black Hawk College,"Moline, IL",custom
420468,Western Suffolk BOCES,"Northport, NY",automatic
181127,Hastings College,"Hastings, NE",automatic
428259,Ottawa University-Milwaukee,"Brookfield, WI",automatic
175078,Southwest Minnesota State University,"Marshall, MN",automatic
486901,Milligan University,"Milligan, TN",automatic
247162,Ecumenical Theological Seminary,"Detroit, MI",automatic
439446,Atlantic Institute of Oriental Medicine,"Fort Lauderdale, FL",automatic
112561,Columbia College,"Sonora, CA",automatic
155052,Flint Hills Technical College,"Emporia, KS",automatic
198516,Elon University,"Elon, NC",custom
172051,Saginaw Valley State University,"University Center, MI",custom
408844,Florida National University-Main Campus,"Hialeah, FL",automatic
222831,Angelo State University,"San Angelo, TX",custom
198914,Mayland Community College,"Spruce Pine, NC",automatic
223320,Coastal Bend College,"Beeville, TX",custom
491808,Meridian University,"Petaluma, CA",automatic
230995,Norwich University,"Northfield, VT",custom
201195,Baldwin Wallace University,"Berea, OH",custom
240514,Central Wyoming College,"Riverton, WY",custom
154235,Saint Ambrose University,"Davenport, IA",custom
434672,Community College of Baltimore County,"Baltimore, MD",custom
199193,North Carolina State University at Raleigh,"Raleigh, NC",custom
242042,Instituto Tecnologico de Puerto Rico-Recinto de Manati,"Manati, PR",automatic
187912,New Mexico Military Institute,"Roswell, NM",custom
219505,American Baptist College,"Nashville, TN",custom
262086,University of Massachusetts Global,"Irvine, CA",custom
242699,Inter American University of Puerto Rico-Guayama,"Guayama, PR",automatic
214564,Salus University,"Elkins Park, PA",automatic
204185,University of Mount Union,"Alliance, OH",custom
237330,Concord University,"Athens, WV",custom
130110,Paier College,"Bridgeport, CT",automatic
196130,SUNY Buffalo State University,"Buffalo, NY",custom
197850,South Piedmont Community College,"Polkton, NC",custom
137315,South Florida State College,"Avon Park, FL",custom
165015,Brandeis University,"Waltham, MA",custom
461759,Simmons College of Kentucky,"Louisville, KY",custom
184782,Rowan University,"Glassboro, NJ",custom
212984,Holy Family University,"Philadelphia, PA",automatic
219976,Lipscomb University,"Nashville, TN",custom
443766,Strayer University-Tennessee,"Memphis, TN",automatic
131405,Pontifical Faculty of the Immaculate Conception at the Dominican House of Studies,"Washington, DC",automatic
234933,Clark College,"Vancouver, WA",custom
237057,Whitman College,"Walla Walla, WA",custom
232982,Old Dominion University,"Norfolk, VA",custom
191612,Herkimer County Community College,"Herkimer, NY",automatic
457873,Four County Career Center,"Archbold, OH",automatic
176910,Central Christian College of the Bible,"Moberly, MO",custom
218520,Piedmont Technical College,"Greenwood, SC",custom
173258,Carleton College,"Northfield, MN",custom
191621,Hilbert College,"Hamburg, NY",automatic
165802,Fisher College,"Boston, MA",custom
194392,Paul Smiths College of Arts and Science,"Paul Smiths, NY",automatic
175883,Jones County Junior College,"Ellisville, MS",custom
221847,Tennessee Technological University,"Cookeville, TN",automatic
156231,Ashland Community and Technical College,"Ashland, KY",automatic
234827,Central Washington University,"Ellensburg, WA",custom
227863,University of St Thomas,"Houston, TX",custom
230366,Eagle Gate College-Murray,"Murray, UT",automatic
407489,Mahoning County Career and Technical Center,"Canfield, OH",automatic
439914,Seattle Institute of East Asian Medicine,"Seattle, WA",automatic
175236,Ridgewater College,"Willmar, MN",automatic
450377,Strayer University-Alabama,"Birmingham, AL",automatic
213233,Johnson College,"Scranton, PA",custom
219806,Carson-Newman University,"Jefferson City, TN",custom
157401,Murray State University,"Murray, KY",custom
372329,IBMC College,"Fort Collins, CO",automatic
232867,New River Community College,"Dublin, VA",automatic
101286,George C Wallace Community College-Dothan,"Dothan, AL",automatic
151379,Indiana University-Southeast,"New Albany, IN",custom
243142,University of Puerto Rico-Carolina,"Carolina, PR",custom
155593,North Central Kansas Technical College,"Beloit, KS",automatic
236504,South Seattle College,"Seattle, WA",automatic
224350,Del Mar College,"Corpus Christi, TX",custom
417734,Southeast Missouri Hospital College of Nursing and Health Sciences,"Cape Girardeau, MO",automatic
147828,Olivet Nazarene University,"Bourbonnais, IL",custom
231873,Mountain Gateway Community College,"Clifton Forge, VA",automatic
148584,University of St Francis,"Joliet, IL",custom
236887,Walla Walla Community College,"Walla Walla, WA",automatic
120795,Pacific School of Religion,"Berkeley, CA",automatic
239488,Northeast Wisconsin Technical College,"Green Bay, WI",custom
165662,Emerson College,"Boston, MA",automatic
209612,Pacific University,"Forest Grove, OR",automatic
235167,The Evergreen State College,"Olympia, WA",custom
167996,Stonehill College,"Easton, MA",custom
215123,Philadelphia College of Osteopathic Medicine,"Philadelphia, PA",automatic
195128,Russell Sage College,"Troy, NY",custom
197133,Vassar College,"Poughkeepsie, NY",custom
384254,Beacon College,"Leesburg, FL",automatic
149772,Western Illinois University,"Macomb, IL",automatic
180814,Bellevue University,"Bellevue, NE",custom
143978,The Chicago School at Chicago,"Chicago, IL",custom
230782,Weber State University,"Ogden, UT",automatic
386153,Seminar L'moros Bais Yaakov,"Brooklyn, NY",automatic
174507,Northwestern Health Sciences University,"Bloomington, MN",custom
214740,Pennsylvania State University-Penn State DuBois,"DuBois, PA",automatic
181330,Midland University,"Fremont, NE",custom
182634,Colby-Sawyer College,"New London, NH",custom
140331,Chattahoochee Technical College,"Marietta, GA",automatic
445735,Roseman University of Health Sciences,"Henderson, NV",custom
480985,Midwives College of Utah,"Salt Lake City, UT",automatic
448372,San Joaquin Valley College-Rancho Cordova,"Rancho Cordova, CA",automatic
216445,Triangle Tech Inc-Greensburg,"Greensburg, PA",automatic
494287,EDP University of Puerto Rico-Manati,"Manati, PR",automatic
207856,Southwestern Christian University,"Bethany, OK",automatic
176318,Rust College,"Holly Springs, MS",custom
110334,Cabrillo College,"Aptos, CA",custom
194240,Orange County Community College,"Middletown, NY",custom
104425,Cochise County Community College District,"Sierra Vista, AZ",custom
213659,Luzerne County Community College,"Nanticoke, PA",custom
140872,Reinhardt University,"Waleska, GA",custom
207050,Eastern Oklahoma State College,"Wilburton, OK",automatic
455114,College of Western Idaho,"Nampa, ID",custom
210492,Bryn Athyn College of the New Church,"Bryn Athyn, PA",custom
213631,United Lutheran Seminary,"Gettysburg, PA",automatic
228981,Texas Lutheran University,"Seguin, TX",custom
229160,Texas Wesleyan University,"Fort Worth, TX",custom
174792,Saint Johns University,"Collegeville, MN",custom
232575,Laurel Ridge Community College,"Middletown, VA",custom
196033,SUNY College of Agriculture and Technology at Cobleskill,"Cobleskill, NY",custom
141802,Kauai Community College,"Lihue, HI",custom
105145,GateWay Community College,"Phoenix, AZ",automatic
179645,Three Rivers College,"Poplar Bluff, MO",automatic
125718,Westminster Theological Seminary in California,"Escondido, CA",automatic
157030,Kentucky Mountain Bible College,"Jackson, KY",automatic
146348,Kankakee Community College,"Kankakee, IL",custom
449384,Gnomon,"Hollywood, CA",custom
204422,North Central State College,"Mansfield, OH",custom
173683,Hazelden Betty Ford Graduate School,"Center City, MN",custom
206321,Upper Valley Career Center,"Piqua, OH",custom
224891,Frank Phillips College,"Borger, TX",custom
495916,Pathways College,"Phoenix, AZ",automatic
180276,Helena College University of Montana,"Helena, MT",custom
446552,Southern Technical College,"Orlando, FL",automatic
245892,Antioch University,"Yellow Springs, OH",automatic
418320,Mid-America Technology Center,"Wayne, OK",automatic
206589,The College of Wooster,"Wooster, OH",custom
240116,Chippewa Valley Technical College,"Eau Claire, WI",automatic
214166,Mount Aloysius College,"Cresson, PA",custom
205027,Pontifical College Josephinum,"Columbus, OH",automatic
212911,Haverford College,"Haverford, PA",custom
218690,University of South Carolina-Sumter,"Sumter, SC",custom
219204,National American University-Rapid City,"Rapid City, SD",automatic
181215,University of Nebraska at Kearney,"Kearney, NE",custom
221971,Union University,"Jackson, TN",custom
166018,Hampshire College,"Amherst, MA",custom
198464,East Carolina University,"Greenville, NC",custom
488527,Arkansas Colleges of Health Education,"Fort Smith, AR",custom
101879,University of North Alabama,"Florence, AL",custom
483595,Ana G. Mendez University,"Orlando, FL",automatic
126748,Colorado Northwestern Community College,"Rangely, CO",automatic
201548,Capital University,"Columbus, OH",custom
134079,Florida Southern College,"Lakeland, FL",custom
237385,Glenville State University,"Glenville, WV",custom
192712,Manhattan School of Music,"New York, NY",automatic
157809,Thomas More University,"Crestview Hills, KY",custom
186645,Raritan Valley Community College,"Branchburg, NJ",custom
127918,Regis University,"Denver, CO",custom
366252,Pennsylvania College of Technology,"Williamsport, PA",automatic
494603,The Southwestern Baptist Theological Seminary,"Fort Worth, TX",automatic
487454,Florida Career College-Margate,"Margate, FL",automatic
187897,New Mexico Highlands University,"Las Vegas, NM",custom
178217,Mineral Area College,"Park Hills, MO",custom
488314,Beth Medrash of Asbury Park,"Lakewood, NJ",automatic
212045,Douglas Education Center,"Monessen, PA",automatic
240727,University of Wyoming,"Laramie, WY",custom
383312,Buckeye Joint Vocational School,"New Philadelphia, OH",automatic
217420,Rhode Island College,"Providence, RI",custom
204617,Ohio Dominican University,"Columbus, OH",custom
485546,California Intercontinental University,"Sioux Falls, SD",custom
136358,Palm Beach State College,"Lake Worth, FL",custom
170806,Madonna University,"Livonia, MI",custom
206349,Ursuline College,"Pepper Pike, OH",custom
102368,Troy University,"Troy, AL",custom
366368,New York Academy of Art,"New York, NY",custom
113582,Design Institute of San Diego,"San Diego, CA",custom
137078,St Petersburg College,"St. Petersburg, FL",custom
240693,Western Wyoming Community College,"Rock Springs, WY",automatic
154721,Bethany College,"Lindsborg, KS",custom
475565,CUNY Stella and Charles Guttman Community College,"New York, NY",custom
230490,Ogden-Weber Technical College,"Ogden, UT",custom
216436,Triangle Tech Inc-Pittsburgh,"Pittsburgh, PA",automatic
420042,University of Phoenix-Hawaii,"Kapolei, HI",custom
218353,Midlands Technical College,"West Columbia, SC",custom
121044,Pasadena City College,"Pasadena, CA",custom
456621,Strayer University-West Virginia,"Scott Depot, WV",automatic
168740,Andrews University,"Berrien Springs, MI",custom
229115,Texas Tech University,"Lubbock, TX",custom
141060,Spelman College,"Atlanta, GA",custom
148876,St. Augustine College,"Chicago, IL",automatic
166027,Harvard University,"Cambridge, MA",custom
193399,University of Mount Saint Vincent,"Bronx, NY",custom
178059,Maryville University of Saint Louis,"Saint Louis, MO",automatic
102058,Selma University,"Selma, AL",automatic
228787,The University of Texas at Dallas,"Richardson, TX",custom
190442,SUNY Corning Community College,"Corning, NY",custom
172635,Wayne County Community College District,"Detroit, MI",automatic
243665,University of the Virgin Islands,"Charlotte Amalie, VI",custom
197911,Barton College,"Wilson, NC",custom
133979,Florida Memorial University,"Miami Gardens, FL",custom
138716,Albany State University,"Albany, GA",custom
198710,Isothermal Community College,"Spindale, NC",custom
498386,Boone Career and Technical Center,"Foster, WV",automatic
220075,East Tennessee State University,"Johnson City, TN",custom
219949,Cumberland University,"Lebanon, TN",custom
245999,Francis Tuttle Technology Center,"Oklahoma City, OK",automatic
480851,Miami Media School,"Doral, FL",automatic
212009,Dickinson College,"Carlisle, PA",custom
200800,University of Akron Main Campus,"Akron, OH",custom
461528,Manna University,"Fayetteville, NC",automatic
185536,Middlesex College,"Edison, NJ",custom
199467,Roanoke-Chowan Community College,"Ahoskie, NC",automatic
143118,Aurora University,"Aurora, IL",custom
232195,Germanna Community College,"Locust Grove, VA",custom
498924,URBE University,"Sweetwater, FL",automatic
170000,Grace Christian University,"Wyoming, MI",automatic
169248,Central Michigan University,"Mount Pleasant, MI",custom
144218,City Colleges of Chicago-Wilbur Wright College,"Chicago, IL",custom
414595,Pacific College of Health and Science,"New York, NY",custom
117636,Loma Linda University,"Loma Linda, CA",automatic
207661,Rogers State University,"Claremore, OK",custom
107619,Phillips Community College of the University of Arkansas,"Helena, AR",automatic
146278,John Wood Community College,"Quincy, IL",automatic
139940,Georgia State University,"Atlanta, GA",custom
175005,St Catherine University,"Saint Paul, MN",custom
207935,Tulsa Community College,"Tulsa, OK",custom
120953,Palo Verde College,"Blythe, CA",automatic
241377,Caribbean University-Bayamon,"Bayamon, PR",custom
111045,Haven University,"Garden Grove, CA",automatic
139250,College of Coastal Georgia,"Brunswick, GA",custom
161004,Bowdoin College,"Brunswick, ME",custom
217484,University of Rhode Island,"Kingston, RI",custom
163295,Maryland Institute College of Art,"Baltimore, MD",custom
123457,Simpson University,"Redding, CA",custom
207209,Langston University,"Langston, OK",custom
215424,Pittsburgh Theological Seminary,"Pittsburgh, PA",automatic
152992,Briar Cliff University,"Sioux City, IA",custom
230010,Bridgerland Technical College,"Logan, UT",custom
159939,University of New Orleans,"New Orleans, LA",custom
184612,Felician University,"Lodi, NJ",custom
163657,Prince George's Community College,"Largo, MD",custom
196237,SUNY Old Westbury,"Old Westbury, NY",custom
114123,Empire College,"Santa Rosa, CA",automatic
160904,Xavier University of Louisiana,"New Orleans, LA",custom
224615,Dallas College,"Dallas, TX",automatic
152798,Allen College,"Waterloo, IA",automatic
417105,Baldwin Park Adult & Community Education,"Baldwin Park, CA",automatic
234711,Big Bend Community College,"Moses Lake, WA",custom
210270,Umpqua Community College,"Roseburg, OR",custom
166452,Lesley University,"Cambridge, MA",custom
101462,J. F. Drake State Community and Technical College,"Huntsville, AL",custom
226107,Lamar State College-Orange,"Orange, TX",automatic
203465,Kent State University at Stark,"North Canton, OH",custom
142522,Brigham Young University-Idaho,"Rexburg, ID",custom
171128,Michigan Technological University,"Houghton, MI",custom
491640,Yeshiva Gedolah Keren Hatorah,"Lakewood, NJ",automatic
183026,Southern New Hampshire University,"Manchester, NH",automatic
486840,Kennesaw State University,"Kennesaw, GA",custom
445267,Central Methodist University-College of Graduate and Extended Studies,"Fayette, MO",automatic
117274,Lassen Community College,"Susanville, CA",automatic
113333,De Anza College,"Cupertino, CA",custom
203678,James A. Rhodes State College,"Lima, OH",custom
123095,Saybrook University,"Pasadena, CA",custom
152381,Saint Mary-of-the-Woods College,"Saint Mary of the Woods, IN",automatic
162283,Coppin State University,"Baltimore, MD",custom
207847,Southeastern Oklahoma State University,"Durant, OK",custom
127884,Pueblo Community College,"Pueblo, CO",automatic
363907,Caribbean University-Ponce,"Ponce, PR",custom
150215,Christian Theological Seminary,"Indianapolis, IN",automatic
125170,Berkeley City College,"Berkeley, CA",automatic
480781,California Miramar University,"San Diego, CA",automatic
203447,Kent State University at Ashtabula,"Ashtabula, OH",automatic
247649,Landmark College,"Putney, VT",custom
159009,Grambling State University,"Grambling, LA",custom
209940,Rogue Community College,"Grants Pass, OR",automatic
466921,Chamberlain University-Missouri,"St. Louis, MO",custom
228431,Stephen F Austin State University,"Nacogdoches, TX",automatic
147004,McHenry County College,"Crystal Lake, IL",custom
117788,Los Angeles City College,"Los Angeles, CA",automatic
203368,John Carroll University,"University Heights, OH",custom
237932,West Liberty University,"West Liberty, WV",automatic
247603,Sussex County Community College,"Newton, NJ",custom
151467,International Business College-Indianapolis,"Indianapolis, IN",automatic
144193,City Colleges of Chicago-Richard J Daley College,"Chicago, IL",custom
191630,Hobart William Smith Colleges,"Geneva, NY",custom
234845,Centralia College,"Centralia, WA",custom
110699,University of California-San Francisco,"San Francisco, CA",automatic
114354,FIDM-Fashion Institute of Design & Merchandising,"Los Angeles, CA",custom
243203,University of Puerto Rico-Medical Sciences,"San Juan, PR",custom
433660,Florida Gulf Coast University,"Fort Myers, FL",custom
238616,Concordia University-Wisconsin,"Mequon, WI",custom
217721,Benedict College,"Columbia, SC",custom
175810,Holmes Community College,"Goodman, MS",custom
225201,Hallmark University,"San Antonio, TX",custom
145497,Hebrew Theological College,"Skokie, IL",automatic
377564,University of Washington-Tacoma Campus,"Tacoma, WA",automatic
115083,Golden Gate University,"San Francisco, CA",automatic
161563,Thomas College,"Waterville, ME",automatic
211079,Community College of Beaver County,"Monaca, PA",custom
199139,University of North Carolina at Charlotte,"Charlotte, NC",custom
449816,Southwest Technical College,"Cedar City, UT",automatic
122728,William Jessup University,"Rocklin, CA",custom
147031,Meadville Theological School of Lombard College,"Chicago, IL",automatic
240480,University of Wisconsin-Stevens Point,"Stevens Point, WI",custom
230418,Ensign College,"Salt Lake City, UT",automatic
107141,John Brown University,"Siloam Springs, AR",custom
151324,Indiana State University,"Terre Haute, IN",custom
250993,Red River Technology Center,"Duncan, OK",automatic
405058,Yeshivas Novominsk,"Brooklyn, NY",automatic
366553,Southern Technical College,"Fort Myers, FL",automatic
461139,Jung Tao School of Classical Chinese Medicine,"Sugar Grove, NC",automatic
197814,College of the Albemarle,"Elizabeth City, NC",automatic
496645,Burlington County Institute of Technology-Adult Education,"Westampton, NJ",automatic
149505,Trinity Christian College,"Palos Heights, IL",custom
210809,American College of Financial Services,"King of Prussia, PA",automatic
221999,Vanderbilt University,"Nashville, TN",custom
194657,Rabbinical Academy Mesivta Rabbi Chaim Berlin,"Brooklyn, NY",automatic
207500,University of Oklahoma-Norman Campus,"Norman, OK",custom
195164,St Bonaventure University,"Saint Bonaventure, NY",custom
155104,Garden City Community College,"Garden City, KS",custom
229027,The University of Texas at San Antonio,"San Antonio, TX",custom
163976,St. John's College,"Annapolis, MD",custom
181543,Summit Christian College,"Gering, NE",automatic
250027,Laurel Business Institute,"Uniontown, PA",custom
178615,Truman State University,"Kirksville, MO",custom
120768,Pacific Oaks College,"Pasadena, CA",custom
238263,Madison Area Technical College,"Madison, WI",custom
206491,Wilberforce University,"Wilberforce, OH",automatic
481058,Grace Mission University,"Fullerton, CA",automatic
164580,Babson College,"Wellesley, MA",custom
240620,Laramie County Community College,"Cheyenne, WY",custom
137713,Riveroak Technical College,"Live Oak, FL",automatic
234164,Virginia Union University,"Richmond, VA",custom
456490,Polytechnic University of Puerto Rico-Orlando,"Orlando, FL",automatic
240657,Northwest College,"Powell, WY",custom
364025,Chandler-Gilbert Community College,"Chandler, AZ",automatic
118693,Menlo College,"Atherton, CA",custom
383190,Hawaii Community College,"Hilo, HI",custom
123916,Starr King School for the Ministry,"Oakland, CA",automatic
198905,Martin Community College,"Williamston, NC",custom
198668,Haywood Community College,"Clyde, NC",automatic
198543,Fayetteville State University,"Fayetteville, NC",custom
198206,Carteret Community College,"Morehead City, NC",custom
490133,Westcliff University,"Irvine, CA",automatic
194028,North Country Community College,"Saranac Lake, NY",automatic
162104,Cecil College,"North East, MD",automatic
207281,Northern Oklahoma College,"Tonkawa, OK",custom
165033,Bristol Community College,"Fall River, MA",custom
204981,Cuyahoga Valley Career Center,"Brecksville, OH",custom
147341,Monmouth College,"Monmouth, IL",automatic
216667,Washington & Jefferson College,"Washington, PA",custom
237066,Whitworth University,"Spokane, WA",custom
366623,Northwest Technology Center-Alva,"Alva, OK",automatic
198066,Brevard College,"Brevard, NC",custom
451556,Southwest University at El Paso,"El Paso, TX",automatic
218140,Horry-Georgetown Technical College,"Conway, SC",custom
235699,Lake Washington Institute of Technology,"Kirkland, WA",custom
203942,Medina County Career Center,"Medina, OH",automatic
441104,Richmont Graduate University,"Chattanooga, TN",automatic
153214,Des Moines Area Community College,"Ankeny, IA",custom
104717,Grand Canyon University,"Phoenix, AZ",custom
418250,Washington County Career Center-Adult Technical Training,"Marietta, OH",custom
155186,Highland Community College,"Highland, KS",automatic
162779,Howard Community College,"Columbia, MD",custom
136303,Orange Technical College,"Orlando, FL",automatic
441609,Yeshiva Shaarei Torah of Rockland,"Suffern, NY",automatic
126979,Denver Seminary,"Littleton, CO",custom
120403,Otis College of Art and Design,"Los Angeles, CA",custom
229780,Wayland Baptist University,"Plainview, TX",automatic
133872,AdventHealth University,"Orlando, FL",custom
454236,Chamberlain University-Ohio,"Columbus, OH",custom
141990,Windward Community College,"Kaneohe, HI",custom
219833,Christian Brothers University,"Memphis, TN",custom
175616,Delta State University,"Cleveland, MS",custom
188942,Associated Beth Rivkah Schools,"Brooklyn, NY",automatic
228635,University of Texas Southwestern Medical Center,"Dallas, TX",automatic
194091,New York Institute of Technology,"Old Westbury, NY",custom
212878,Harrisburg Area Community College,"Harrisburg, PA",automatic
122205,Saddleback College,"Mission Viejo, CA",automatic
206507,Wilmington College,"Wilmington, OH",custom
480569,Florida Institute of Technology-Online,"Melbourne, FL",automatic
441690,Universidad Pentecostal Mizpa,"Rio Piedras, PR",automatic
417637,Southern Missouri Technical Institute,"West Plains, MO",automatic
219347,South Dakota School of Mines and Technology,"Rapid City, SD",custom
444565,Culinary Institute Inc,"Houston, TX",automatic
221519,The University of the South,"Sewanee, TN",custom
227748,Aviation Institute of Maintenance-Houston,"Houston, TX",automatic
232788,Mountain Empire Community College,"Big Stone Gap, VA",custom
169974,Glen Oaks Community College,"Centreville, MI",custom
147767,Northwestern University,"Evanston, IL",custom
232672,Mary Baldwin University,"Staunton, VA",automatic
168342,Williams College,"Williamstown, MA",custom
196006,SUNY College of Technology at Alfred,"Alfred, NY",automatic
130590,Trinity College,"Hartford, CT",custom
171155,Mid Michigan College,"Harrison, MI",custom
206516,Winebrenner Theological Seminary,"Findlay, OH",automatic
243498,Seminario Evangelico de Puerto Rico,"San Juan, PR",automatic
187134,The College of New Jersey,"Ewing, NJ",custom
228699,Texarkana College,"Texarkana, TX",custom
491941,Caris College,"Jeffersonville, IN",automatic
178989,Research College of Nursing,"Kansas City, MO",custom
188340,Vaughn College of Aeronautics and Technology,"Flushing, NY",automatic
217156,Brown University,"Providence, RI",custom
232414,J Sargeant Reynolds Community College,"Richmond, VA",custom
100654,Alabama A & M University,"Normal, AL",custom
133702,Florida State College at Jacksonville,"Jacksonville, FL",custom
114734,Franciscan School of Theology,"San Diego, CA",automatic
169187,Carnegie Institute,"Troy, MI",automatic
168883,Bay de Noc Community College,"Escanaba, MI",custom
198215,Catawba College,"Salisbury, NC",automatic
156125,Wichita State University,"Wichita, KS",custom
223898,Cisco College,"Cisco, TX",custom
140942,Savannah Technical College,"Savannah, GA",automatic
193830,New York Medical College,"Valhalla, NY",custom
366401,Las Positas College,"Livermore, CA",automatic
159993,University of Louisiana at Monroe,"Monroe, LA",custom
455178,Daoist Traditions College of Chinese Medical Arts,"Asheville, NC",custom
127060,University of Denver,"Denver, CO",custom
240745,Guam Community College,"Mangilao, GU",custom
225876,Jacksonville College-Main Campus,"Jacksonville, TX",automatic
169521,Delta College,"University Center, MI",custom
102632,University of Alaska Southeast,"Juneau, AK",custom
215619,Reconstructionist Rabbinical College,"Wyncote, PA",automatic
156295,Berea College,"Berea, KY",custom
475200,Whitworth University-Adult Degree Programs,"Spokane, WA",custom
105899,Arizona Christian University,"Glendale, AZ",custom
145372,Greenville University,"Greenville, IL",custom
207324,Oklahoma Christian University,"Edmond, OK",custom
365374,Canadian Valley Technology Center,"El Reno, OK",automatic
199582,Saint Augustine's University,"Raleigh, NC",automatic
248624,Fayette County Career & Technical Institute Practical Nursing Program,"Uniontown, PA",automatic
183123,Lakes Region Community College,"Laconia, NH",automatic
157377,Midway University,"Midway, KY",custom
203155,Hocking College,"Nelsonville, OH",automatic
161864,Baltimore City Community College,"Baltimore, MD",automatic
139959,University of Georgia,"Athens, GA",custom
244437,Georgia State University-Perimeter College,"Atlanta, GA",custom
487162,Southern Regional Technical College,"Thomasville, GA",custom
164915,Boston Graduate School of Psychoanalysis Inc,"Brookline, MA",automatic
136330,Palm Beach Atlantic University,"West Palm Beach, FL",custom
242626,Inter American University of Puerto Rico-Aguadilla,"Aguadilla, PR",automatic
181145,CHI Health School of Radiologic Technology,"Omaha, NE",automatic
193016,Mercy University,"Dobbs Ferry, NY",custom
117283,Latin American Bible Institute,"La Puente, CA",automatic
199731,Southwestern Community College,"Sylva, NC",automatic
200022,Bismarck State College,"Bismarck, ND",custom
118930,Mission College,"Santa Clara, CA",automatic
202356,Cuyahoga Community College District,"Cleveland, OH",automatic
164872,Boston Architectural College,"Boston, MA",automatic
446039,Arizona School of Acupuncture and Oriental Medicine,"Tucson, AZ",automatic
150668,Goshen College,"Goshen, IN",custom
138956,Augusta Technical College,"Augusta, GA",automatic
131283,The Catholic University of America,"Washington, DC",automatic
171492,Northwood University,"Midland, MI",custom
143853,Midwestern University-Downers Grove,"Downers Grove, IL",custom
233639,Southside Virginia Community College,"Alberta, VA",custom
164614,Boston Baptist College,"Boston, MA",automatic
151263,University of Indianapolis,"Indianapolis, IN",custom
201478,Buckeye Hills Career Center,"Rio Grande, OH",automatic
196884,Union Theological Seminary in the City of New York,"New York, NY",automatic
163912,St. Mary's College of Maryland,"St. Mary's City, MD",custom
492023,Americare Technical School,"Park Ridge, IL",automatic
189857,Central Yeshiva Tomchei Tmimim Lubavitz,"Brooklyn, NY",automatic
119605,National University,"San Diego, CA",custom
168218,Wellesley College,"Wellesley, MA",custom
121691,University of Redlands,"Redlands, CA",custom
221333,Tennessee College of Applied Technology-Pulaski,"Pulaski, TN",automatic
181738,Union Adventist University,"Lincoln, NE",custom
426314,Embry-Riddle Aeronautical University-Worldwide,"Daytona Beach, FL",custom
167905,Springfield Technical Community College,"Springfield, MA",automatic
122375,San Diego Mesa College,"San Diego, CA",automatic
418560,Indiana County Technology Center,"Indiana, PA",automatic
120883,University of the Pacific,"Stockton, CA",custom
418038,Albany BOCES-Adult Practical Nursing Program,"Albany, NY",automatic
442523,Alaska Christian College,"Soldotna, AK",automatic
218919,Voorhees University,"Denmark, SC",custom
140818,Piedmont University,"Demorest, GA",custom
176479,William Carey University,"Hattiesburg, MS",custom
161518,Saint Joseph's College of Maine,"Standish, ME",custom
155973,Tabor College,"Hillsboro, KS",custom
190673,CUNY Queensborough Community College,"Bayside, NY",custom
177250,East Central College,"Union, MO",custom
178518,Nazarene Theological Seminary,"Kansas City, MO",custom
146728,Lutheran School of Theology at Chicago,"Chicago, IL",custom
236452,Saint Martin's University,"Lacey, WA",custom
148654,University of Illinois Springfield,"Springfield, IL",custom
382416,Greater Lowell Technical School,"Tyngsboro, MA",automatic
208390,Chemeketa Community College,"Salem, OR",custom
199786,Alamance Community College,"Graham, NC",custom
105206,Mohave Community College,"Kingman, AZ",custom
456959,University of Minnesota-Rochester,"Rochester, MN",custom
227526,Prairie View A & M University,"Prairie View, TX",custom
198808,Lees-McRae College,"Banner Elk, NC",custom
228246,Southern Methodist University,"Dallas, TX",custom
181783,Wayne State College,"Wayne, NE",custom
106263,University of Arkansas for Medical Sciences,"Little Rock, AR",automatic
243151,University of Puerto Rico at Cayey,"Cayey, PR",custom
487393,Florida Career College-West Palm Beach,"West Palm Beach, FL",automatic
115773,Humphreys University-Stockton and Modesto Campuses,"Stockton, CA",automatic
179548,Stephens College,"Columbia, MO",automatic
214625,Pennsylvania State University-Penn State New Kensington,"New Kensington, PA",automatic
407610,Pacific Bible College,"Medford, OR",custom
459259,South University-Richmond,"Glen Allen, VA",custom
189413,Boricua College,"New York, NY",automatic
210429,Western Oregon University,"Monmouth, OR",custom
160995,Beal University,"Bangor, ME",automatic
174844,St Olaf College,"Northfield, MN",custom
240365,University of Wisconsin-Oshkosh,"Oshkosh, WI",custom
211608,Cheyney University of Pennsylvania,"Cheyney, PA",automatic
211352,Cabrini University,"Radnor, PA",automatic
455813,Pontifical John Paul II Institute for Studies on Marriage and Family,"Washington, DC",automatic
250285,Aviation Institute of Maintenance-Philadelphia,"Philadelphia, PA",automatic
164465,Amherst College,"Amherst, MA",automatic
202222,Columbus State Community College,"Columbus, OH",custom
152567,Trine University,"Angola, IN",custom
137209,Seminole State College of Florida,"Sanford, FL",custom
162007,Bowie State University,"Bowie, MD",custom
444778,Charlotte Christian College and Theological Seminary,"Charlotte, NC",automatic
233772,Tidewater Community College,"Norfolk, VA",custom
220598,Lane College,"Jackson, TN",custom
198969,Methodist University,"Fayetteville, NC",custom
171234,Montcalm Community College,"Sidney, MI",automatic
213376,Lackawanna College,"Scranton, PA",custom
143288,Blackburn College,"Carlinville, IL",custom
196653,Trocaire College,"Buffalo, NY",custom
461883,Millennia Atlantic University,"Doral, FL",automatic
188003,Southeast New Mexico College,"Carlsbad, NM",custom
487010,The University of Tennessee Health Science Center,"Memphis, TN",custom
496706,Lakewood University,"Cleveland Heights, OH",automatic
199759,Southeastern Baptist Theological Seminary,"Wake Forest, NC",custom
237996,West Virginia Junior College-Morgantown,"Morgantown, WV",custom
120290,Ohlone College,"Fremont, CA",custom
243133,University of Puerto Rico-Bayamon,"Bayamon, PR",custom
179308,Saint Louis Community College,"Bridgeton, MO",custom
199971,Carolina Christian College,"Winston Salem, NC",custom
166124,College of the Holy Cross,"Worcester, MA",custom
455770,Providence Christian College,"Pasadena, CA",automatic
160630,Southern University at New Orleans,"New Orleans, LA",custom
144865,College of DuPage,"Glen Ellyn, IL",custom
447999,WellSpring School of Allied Health-Kansas City,"Kansas City, MO",automatic
454865,Cambridge College of Healthcare & Technology,"Delray Beach, FL",automatic
493822,College Unbound,"Providence, RI",automatic
458405,Miller-Motte College-Fayetteville,"Fayetteville, NC",automatic
189282,Mount Sinai Phillips School of Nursing,"New York, NY",automatic
363934,University of Advancing Technology,"Tempe, AZ",custom
188526,Albany College of Pharmacy and Health Sciences,"Albany, NY",custom
175041,Saint Paul College,"Saint Paul, MN",custom
184481,Essex County College,"Newark, NJ",custom
486947,Chamberlain University-Michigan,"Troy, MI",automatic
198598,Greensboro College,"Greensboro, NC",custom
407832,Warren County Career Center,"Lebanon, OH",automatic
144962,Elmhurst University,"Elmhurst, IL",custom
460464,Norco College,"Norco, CA",automatic
213914,Vet Tech Institute,"Pittsburgh, PA",automatic
100706,University of Alabama in Huntsville,"Huntsville, AL",custom
127945,Rocky Mountain College of Art and Design,"Lakewood, CO",custom
455257,Yeshiva of Machzikai Hadas,"Brooklyn, NY",automatic
167093,New England College of Optometry,"Boston, MA",custom
451583,Dixie Technical College,"Saint George, UT",automatic
206996,Connors State College,"Warner, OK",custom
223463,Remington College-Dallas Campus,"Dallas, TX",automatic
136491,Pinellas Technical College-Clearwater,"Clearwater, FL",custom
486080,Elmezzi Graduate School of Molecular Medicine,"Manhasset, NY",automatic
440828,Oregon State University-Cascades Campus,"Bend, OR",automatic
202912,Good Samaritan College of Nursing and Health Science,"Cincinnati, OH",automatic
152637,Vincennes University,"Vincennes, IN",custom
168591,Alma College,"Alma, MI",automatic
188261,Mesalands Community College,"Tucumcari, NM",custom
203331,Eastern Gateway Community College,"Steubenville, OH",custom
243188,University of Puerto Rico-Utuado,"Utuado, PR",custom
489344,Chamberlain University-North Carolina,"Charlotte, NC",automatic
457484,Pacific Rim Christian University,"Honolulu, HI",automatic
177083,Conception Seminary College,"Conception, MO",automatic
483975,Alabama College of Osteopathic Medicine,"Dothan, AL",custom
179265,University of Health Sciences and Pharmacy in St. Louis,"Saint Louis, MO",automatic
407461,Eastland-Fairfield Career and Technical Schools,"Groveport, OH",automatic
206181,Tri-Rivers Career Center,"Marion, OH",automatic
157207,Lexington Theological Seminary,"Lexington, KY",automatic
209074,Linn-Benton Community College,"Albany, OR",custom
177816,Kenrick Glennon Seminary,"Saint Louis, MO",automatic
454227,Chamberlain University-Illinois,"Addison, IL",custom
488785,University of Saint Katherine,"San Marcos, CA",automatic
241739,Universidad Ana G. Mendez-Cupey Campus,"San Juan, PR",custom
476601,Bais HaMedrash and Mesivta of Baltimore,"Baltimore, MD",automatic
488907,Wongu University of Oriental Medicine,"Las Vegas, NV",automatic
139579,South University-Savannah,"Savannah, GA",custom
443377,Triangle Tech Inc-Sunbury,"Sunbury, PA",automatic
445692,Neumont College of Computer Science,"Salt Lake City, UT",automatic
124113,Taft College,"Taft, CA",automatic
157739,Southeast Kentucky Community & Technical College,"Cumberland, KY",automatic
137272,St. John Vianney College Seminary,"Miami, FL",automatic
129428,Rensselaer at Hartford,"Hartford, CT",automatic
237987,West Virginia Junior College-Charleston,"Cross Lanes, WV",custom
219888,Columbia State Community College,"Columbia, TN",custom
148487,Roosevelt University,"Chicago, IL",custom
204802,Ohio University-Eastern Campus,"Saint Clairsville, OH",automatic
204015,Miami University-Middletown,"Middletown, OH",custom
221768,The University of Tennessee-Martin,"Martin, TN",custom
154396,Southwestern Community College,"Creston, IA",automatic
377458,Centura College-Norfolk,"Norfolk, VA",automatic
237792,Shepherd University,"Shepherdstown, WV",custom
203960,Mercy College of Ohio,"Toledo, OH",custom
155195,Hutchinson Community College,"Hutchinson, KS",custom
146603,Lewis and Clark Community College,"Godfrey, IL",automatic
183080,Plymouth State University,"Plymouth, NH",custom
450571,Rasmussen University-Wisconsin,"Green Bay, WI",custom
244446,Georgia Piedmont Technical College,"Clarkston, GA",custom
154907,Cloud County Community College,"Concordia, KS",automatic
166647,Massachusetts Bay Community College,"Wellesley Hills, MA",automatic
126119,Yuba College,"Marysville, CA",custom
205203,University of Rio Grande,"Rio Grande, OH",custom
141325,Wesleyan College,"Macon, GA",custom
235237,Pierce College District,"Lakewood, WA",automatic
197744,Yeshivath Zichron Moshe,"South Fallsburg, NY",automatic
198756,Johnson C Smith University,"Charlotte, NC",custom
138558,Abraham Baldwin Agricultural College,"Tifton, GA",custom
191986,Jamestown Community College,"Jamestown, NY",custom
192624,Machzikei Hadath Rabbinical College,"Brooklyn, NY",automatic
112385,Coastline Community College,"Fountain Valley, CA",automatic
223117,Baptist Missionary Association Theological Seminary,"Jacksonville, TX",automatic
475495,Rocky Mountain University of Health Professions,"Provo, UT",automatic
143048,School of the Art Institute of Chicago,"Chicago, IL",custom
198376,Davidson-Davie Community College,"Thomasville, NC",custom
155292,Kansas City Kansas Community College,"Kansas City, KS",automatic
229799,Weatherford College,"Weatherford, TX",automatic
461795,North American University,"Stafford, TX",automatic
219718,Bethel University,"McKenzie, TN",custom
110413,California Lutheran University,"Thousand Oaks, CA",custom
218487,Orangeburg Calhoun Technical College,"Orangeburg, SC",automatic
130183,Post University,"Waterbury, CT",custom
377485,Virginia Beach City Public Schools School of Practical Nursing,"Virginia Beach, VA",automatic
490203,Bolivar Technical College,"Bolivar, MO",automatic
241951,Escuela de Artes Plasticas y Diseno de Puerto Rico,"San Juan, PR",automatic
190114,Metropolitan College of New York,"New York, NY",custom
224244,Dallas Christian College,"Dallas, TX",custom
206914,Cameron University,"Lawton, OK",custom
135391,State College of Florida-Manatee-Sarasota,"Bradenton, FL",automatic
106449,Arkansas State University-Beebe,"Beebe, AR",custom
237109,Yakima Valley College,"Yakima, WA",custom
107600,Philander Smith University,"Little Rock, AR",custom
112826,Contra Costa College,"San Pablo, CA",automatic
141565,University of Hawaii at Hilo,"Hilo, HI",custom
109208,American River College,"Sacramento, CA",automatic
198491,Edgecombe Community College,"Tarboro, NC",custom
161572,Unity Environmental University,"New Gloucester, ME",custom
139861,Georgia College & State University,"Milledgeville, GA",custom
448673,Rasmussen University-Illinois,"Rockford, IL",custom
117867,Los Angeles Mission College,"Sylmar, CA",custom
230807,Westminster University,"Salt Lake City, UT",custom
491631,Women's Institute of Torah Seminary and College,"Baltimore, MD",automatic
460136,Pima Medical Institute-Houston,"Houston, TX",automatic
223816,Central Texas College,"Killeen, TX",custom
488934,Tulsa Technology Center,"Tulsa, OK",automatic
237950,West Virginia University Institute of Technology,"Beckley, WV",custom
210304,Warner Pacific University,"Portland, OR",custom
497824,Evangel University-College of Online Learning,"Springfield, MO",automatic
113096,Cosumnes River College,"Sacramento, CA",automatic
198923,McDowell Technical Community College,"Marion, NC",automatic
228042,Schreiner University,"Kerrville, TX",custom
226019,Kilgore College,"Kilgore, TX",custom
193973,Niagara University,"Niagara University, NY",custom
154590,William Penn University,"Oskaloosa, IA",custom
162584,Frostburg State University,"Frostburg, MD",custom
165495,Conway School of Landscape Design,"Northampton, MA",automatic
215813,Saint Vincent Seminary,"Latrobe, PA",custom
381732,Colorado School of Healing Arts,"Lakewood, CO",automatic
176789,Calvary University,"Kansas City, MO",custom
169327,Cleary University,"Howell, MI",custom
196255,SUNY Downstate Health Sciences University,"Brooklyn, NY",custom
176983,Grand River Technical School,"Chillicothe, MO",automatic
200572,Valley City State University,"Valley City, ND",custom
224004,Concordia University Texas,"Austin, TX",automatic
240426,University of Wisconsin-Superior,"Superior, WI",custom
153737,Kirkwood Community College,"Cedar Rapids, IA",custom
101709,University of Montevallo,"Montevallo, AL",automatic
234207,Washington and Lee University,"Lexington, VA",custom
489937,Carolina University,"Winston-Salem, NC",automatic
225432,University of Houston-Downtown,"Houston, TX",custom
444866,Southeastern College-Columbia,"Columbia, SC",automatic
150455,Earlham College,"Richmond, IN",custom
228547,Tarrant County College District,"Fort Worth, TX",automatic
105428,Phoenix College,"Phoenix, AZ",automatic
170639,Lake Superior State University,"Sault Ste Marie, MI",automatic
496469,Daybreak University,"Anaheim, CA",automatic
440059,Aviation Institute of Maintenance-Atlanta,"Duluth, GA",automatic
170620,Lake Michigan College,"Benton Harbor, MI",custom
132374,Atlantic Technical College,"Coconut Creek, FL",automatic
218113,Greenville Technical College,"Greenville, SC",custom
215284,University of Pittsburgh-Johnstown,"Johnstown, PA",custom
418223,Northern Career Institute,"Eastlake, OH",automatic
408385,Southern Careers Institute-Pharr,"Pharr, TX",automatic
442842,Pacific College of Health and Science,"Chicago, IL",custom
208318,Central Oregon Community College,"Bend, OR",custom
193751,Northeast College of Health Sciences,"Seneca Falls, NY",custom
152099,Oakland City University,"Oakland City, IN",automatic
151333,Indiana University-Kokomo,"Kokomo, IN",custom
218335,Medical University of South Carolina,"Charleston, SC",custom
184791,Rowan College of South Jersey-Gloucester Campus,"Sewell, NJ",custom
123217,College of the Sequoias,"Visalia, CA",automatic
237686,West Virginia University at Parkersburg,"Parkersburg, WV",automatic
117168,Laguna College of Art and Design,"Laguna Beach, CA",automatic
146296,Joliet Junior College,"Joliet, IL",custom
395362,Copper Mountain Community College,"Joshua Tree, CA",automatic
455804,Institute of World Politics,"Washington, DC",automatic
114840,Fuller Theological Seminary,"Pasadena, CA",custom
203757,Lourdes University,"Sylvania, OH",automatic
488679,Indiana Wesleyan University-National & Global,"Marion, IN",custom
125532,Carrington College-Sacramento,"Sacramento, CA",custom
136400,Pasco-Hernando State College,"New Port Richey, FL",custom
484233,Tri-Community Adult Education,"Covina, CA",automatic
223506,Brazosport College,"Lake Jackson, TX",custom
167288,Massachusetts College of Liberal Arts,"North Adams, MA",custom
482468,DeVry University-Georgia,"Decatur, GA",custom
232937,Norfolk State University,"Norfolk, VA",custom
457226,Horizon University,"Indianapolis, IN",automatic
455099,Urshan Graduate School of Theology,"Wentzville, MO",automatic
156134,Wichita Technical Institute,"Wichita, KS",automatic
154004,Morningside University,"Sioux City, IA",custom
147800,Oakton College,"Des Plaines, IL",custom
207041,East Central University,"Ada, OK",custom
162609,Garrett College,"McHenry, MD",automatic
199698,St. Andrews University,"Laurinburg, NC",custom
198118,Caldwell Community College and Technical Institute,"Hudson, NC",custom
214607,Pennsylvania State University-Penn State Great Valley,"Malvern, PA",automatic
156189,Alice Lloyd College,"Pippa Passes, KY",automatic
182148,Las Vegas College,"Las Vegas, NV",automatic
450304,Brite Divinity School,"Fort Worth, TX",custom
138293,Webber International University,"Babson Park, FL",custom
144971,Eureka College,"Eureka, IL",automatic
489335,Institute of Buddhist Studies,"Berkeley, CA",custom
161484,Northern Maine Community College,"Presque Isle, ME",automatic
166869,MGH Institute of Health Professions,"Boston, MA",custom
202648,Edison State Community College,"Piqua, OH",automatic
113218,Cuyamaca College,"El Cajon, CA",automatic
145628,Illinois College of Optometry,"Chicago, IL",automatic
127714,Nazarene Bible College,"Colorado Springs, CO",automatic
496627,California Northstate University,"Elk Grove, CA",automatic
221731,Tennessee Wesleyan University,"Athens, TN",custom
239910,Southwest Wisconsin Technical College,"Fennimore, WI",custom
184056,Lincoln Technical Institute-Iselin,"Iselin, NJ",custom
190169,Columbia-Greene Community College,"Hudson, NY",custom
144281,Columbia College Chicago,"Chicago, IL",custom
447689,Georgia Gwinnett College,"Lawrenceville, GA",automatic
483212,Louisiana Delta Community College,"Monroe, LA",automatic
198330,Coastal Carolina Community College,"Jacksonville, NC",automatic
113856,East Los Angeles College,"Monterey Park, CA",custom
418126,New York College of Health Professions,"Syosset, NY",automatic
246789,HJ International Graduate School for Peace and Public Leadership,"New York, NY",custom
123527,San Bernardino Valley College,"San Bernardino, CA",custom
162061,Capitol Technology University,"Laurel, MD",custom
141361,Young Harris College,"Young Harris, GA",custom
131399,University of the District of Columbia,"Washington, DC",custom
201867,Cincinnati College of Mortuary Science,"Cincinnati, OH",automatic
374024,Adler Graduate School,"Minnetonka, MN",automatic
229540,Victoria College,"Victoria, TX",custom
183655,Atlantic Cape Community College,"Mays Landing, NJ",custom
155627,Ottawa University-Ottawa,"Ottawa, KS",automatic
491622,Yeshiva Chemdas Hatorah,"Lakewood, NJ",automatic
166887,Middlesex Community College,"Bedford, MA",custom
420723,Tillamook Bay Community College,"Tillamook, OR",automatic
198817,Lenoir Community College,"Kinston, NC",custom
201283,Belmont College,"St Clairsville, OH",custom
133863,Concorde Career Institute-Tampa,"Tampa, FL",custom
213181,Great Lakes Institute of Technology,"Erie, PA",automatic
153320,Faith Baptist Bible College and Theological Seminary,"Ankeny, IA",automatic
440402,Arkansas State University-Newport,"Newport, AR",custom
135294,Lindsey Hopkins Technical College,"Miami, FL",automatic
207306,Northwestern Oklahoma State University,"Alva, OK",custom
101587,University of West Alabama,"Livingston, AL",custom
184180,County College of Morris,"Randolph, NJ",automatic
152451,Saint Meinrad School of Theology,"St. Meinrad, IN",custom
130624,United States Coast Guard Academy,"New London, CT",automatic
143233,Bethany Theological Seminary,"Richmond, IN",automatic
180595,Rocky Mountain College,"Billings, MT",custom
240125,Waukesha County Technical College,"Pewaukee, WI",custom
240666,Northern Wyoming Community College District,"Sheridan, WY",automatic
191199,Finger Lakes Community College,"Canandaigua, NY",custom
237039,Whatcom Community College,"Bellingham, WA",automatic
195438,Sh'or Yoshuv Rabbinical College,"Lawrence, NY",automatic
229355,Tyler Junior College,"Tyler, TX",custom
446093,Sutter County Career Training Center,"Yuba City, CA",automatic
195191,St. Joseph's College of Nursing,"Syracuse, NY",automatic
215974,UPMC Shadyside School of Nursing,"Pittsburgh, PA",automatic
442134,Pima Medical Institute-Colorado Springs,"Colorado Springs, CO",automatic
164775,Berkshire Community College,"Pittsfield, MA",custom
496803,NewU University,"Washington, DC",automatic
177719,Barnes-Jewish College Goldfarb School of Nursing,"Saint Louis, MO",automatic
193894,New York Theological Seminary,"New York, NY",automatic
430245,Southern Careers Institute-San Antonio,"San Antonio, TX",automatic
217989,Denmark Technical College,"Denmark, SC",automatic
177977,State Technical College of Missouri,"Linn, MO",custom
127909,Red Rocks Community College,"Lakewood, CO",custom
220756,Tennessee College of Applied Technology-McKenzie,"McKenzie, TN",automatic
122117,Dongguk University Los Angeles,"Los Angeles, CA",automatic
189583,Bryant & Stratton College-Buffalo,"Buffalo, NY",automatic
491190,The Chicago School at San Diego,"San Diego, CA",custom
243568,Universidad Central Del Caribe,"Bayamon, PR",automatic
447801,University of East-West Medicine,"Sunnyvale, CA",custom
117894,Los Medanos College,"Pittsburg, CA",automatic
118198,MTI College,"Sacramento, CA",automatic
181765,Nebraska College of Technical Agriculture,"Curtis, NE",automatic
170286,Hillsdale College,"Hillsdale, MI",custom
173708,Hennepin Technical College,"Brooklyn Park, MN",automatic
229337,Texas Tech University Health Sciences Center,"Lubbock, TX",automatic
237491,Ralph R Willis Career and Technical Center,"Stollings, WV",automatic
144184,City Colleges of Chicago-Harry S Truman College,"Chicago, IL",custom
127617,Morgan Community College,"Fort  Morgan, CO",custom
155812,University of Saint Mary,"Leavenworth, KS",custom
153296,Ellsworth Community College,"Iowa Falls, IA",custom
206446,Washington State Community College,"Marietta, OH",custom
126711,Colorado Mountain College,"Glenwood Springs, CO",custom
434584,Ilisagvik College,"Barrow, AK",automatic
148292,Richland Community College,"Decatur, IL",automatic
445911,Lincoln Technical Institute-Shelton,"Shelton, CT",automatic
228608,Temple College,"Temple, TX",custom
236258,Peninsula College,"Port Angeles, WA",custom
195155,St Bernard's School of Theology and Ministry,"Rochester, NY",custom
233684,Strayer University-Virginia,"Arlington, VA",automatic
155308,Kansas Christian College,"Overland Park, KS",custom
246813,Athens Technical College,"Athens, GA",automatic
234085,Virginia Military Institute,"Lexington, VA",custom
162122,College of Southern Maryland,"La Plata, MD",custom
176178,Northwest Mississippi Community College,"Senatobia, MS",custom
456481,Polytechnic University of Puerto Rico-Miami,"Miami, FL",automatic
127389,Lamar Community College,"Lamar, CO",custom
412173,Academy for Nursing and Health Occupations,"West Palm Beach, FL",automatic
167631,Roxbury Community College,"Roxbury Crossing, MA",custom
453215,Strayer University-New Jersey,"Piscataway, NJ",automatic
227225,Northeast Texas Community College,"Mount Pleasant, TX",automatic
199111,University of North Carolina Asheville,"Asheville, NC",custom
457110,Carrington College-Reno,"Reno, NV",custom
174756,St Cloud Technical and Community College,"Saint Cloud, MN",automatic
162210,Washington Adventist University,"Takoma Park, MD",custom
226383,Lubbock Christian University,"Lubbock, TX",custom
230816,Bennington College,"Bennington, VT",custom
128106,Colorado State University Pueblo,"Pueblo, CO",custom
215053,Pennsylvania College of Art and Design,"Lancaster, PA",automatic
204680,Ohio State University-Mansfield Campus,"Mansfield, OH",custom
234915,City University of Seattle,"Seattle, WA",custom
177092,Concordia Seminary,"Saint Louis, MO",custom
440651,Atenas College,"Manati, PR",automatic
104090,Brookline College-Phoenix,"Phoenix, AZ",automatic
188304,Western New Mexico University,"Silver City, NM",automatic
485768,Atlantis University,"Miami, FL",automatic
187596,Navajo Technical University,"Crownpoint, NM",custom
461306,D A Dorsey Technical College,"Miami, FL",automatic
133960,The College of the Florida Keys,"Key West, FL",custom
159568,Louisiana Christian University,"Pineville, LA",automatic
461087,Northeast Technology Center,"Pryor, OK",automatic
493600,Congregation Talmidei Mesivta Tiferes Shmiel Aleksander,"Brooklyn, NY",automatic
185721,Eastwick College-Nutley,"Nutley, NJ",automatic
106795,Cossatot Community College of the University of Arkansas,"De Queen, AR",automatic
482477,DeVry University-Illinois,"Lisle, IL",custom
124292,Thomas Aquinas College,"Santa Paula, CA",custom
226134,Laredo College,"Laredo, TX",automatic
175430,Blue Mountain Christian University,"Blue Mountain, MS",custom
460190,Concorde Career Institute-Orlando,"Orlando, FL",automatic
110219,Bryan University,"Tempe, AZ",automatic
218894,Trident Technical College,"Charleston, SC",custom
231536,Blue Ridge Community College,"Weyers Cave, VA",custom
133711,Flagler College,"Saint Augustine, FL",custom
173203,Central Lakes College-Brainerd,"Brainerd, MN",automatic
242653,Inter American University of Puerto Rico-Metro,"San Juan, PR",automatic
383330,Sandusky Career Center,"Sandusky, OH",automatic
246354,Palo Alto College,"San Antonio, TX",custom
480073,South University-Austin,"Round Rock, TX",custom
232450,Brightpoint Community College,"Chester, VA",custom
213774,Manor College,"Jenkintown, PA",custom
417868,Clinton Essex Warren Washington BOCES,"Plattsburgh, NY",automatic
181428,University of Nebraska Medical Center,"Omaha, NE",automatic
155496,Manhattan Christian College,"Manhattan, KS",automatic
133854,Concorde Career Institute-Miramar,"Miramar, FL",custom
241410,Pontifical Catholic University of Puerto Rico-Ponce,"Ponce, PR",custom
160074,Franciscan Missionaries of Our Lady University,"Baton Rouge, LA",custom
101693,University of Mobile,"Mobile, AL",custom
155140,Haskell Indian Nations University,"Lawrence, KS",automatic
199634,Sandhills Community College,"Pinehurst, NC",custom
129491,Hartford International University for Religion and Peace,"Hartford, CT",automatic
458919,Strayer University-Georgia,"Chamblee, GA",automatic
183983,Adult and Continuing Education-BCTS,"Hackensack, NJ",automatic
439118,Carrington College-Spokane,"Spokane, WA",custom
183789,Berkeley College-Woodland Park,"Woodland Park, NJ",custom
146612,Lewis University,"Romeoville, IL",custom
497037,Abilene Christian University-Undergraduate Online,"Addison, TX",automatic
433101,Lincoln Technical Institute-Lincoln,"Lincoln, RI",custom
188225,University of New Mexico-Taos Campus,"Ranchos de Taos, NM",automatic
182564,Western Nevada College,"Carson City, NV",custom
486053,Bethlehem College & Seminary,"Minneapolis, MN",automatic
201098,Ashland County-West Holmes Career Center,"Ashland, OH",automatic
371928,Modern Technology School,"Fountain Valley, CA",automatic
107637,Southeast Arkansas College,"Pine Bluff, AR",automatic
251260,Southern Union State Community College,"Wadley, AL",custom
216551,Valley Forge Military College,"Wayne, PA",automatic
260813,Platt College-Aurora,"Greenwood Village, CO",automatic
123943,Marshall B Ketchum University,"Fullerton, CA",automatic
157331,Maysville Community and Technical College,"Maysville, KY",automatic
418001,Wayne Finger Lakes BOCES-Practical Nursing Program,"Newark, NY",automatic
219143,Lake Area Technical College,"Watertown, SD",custom
113980,El Camino Community College District,"Torrance, CA",custom
495031,Bais Medrash of Dexter Park,"Chestnut Ridge, NY",automatic
364548,Great Plains Technology Center,"Lawton, OK",automatic
141486,Chaminade University of Honolulu,"Honolulu, HI",automatic
421708,Arizona College of Nursing-Tempe,"Tempe, AZ",custom
191205,Five Towns College,"Dix Hills, NY",automatic
216816,Westminster Theological Seminary,"Glenside, PA",custom
431105,Dutchess BOCES-Practical Nursing Program,"Poughkeepsie, NY",custom
430908,Clearfield County Career and Technology Center,"Clearfield, PA",automatic
219596,Tennessee College of Applied Technology-Athens,"Athens, TN",automatic
110246,Butte College,"Oroville, CA",custom
137023,First Coast Technical College,"Saint Augustine, FL",automatic
216348,Theological Seminary of the Reformed Episcopal Church,"Blue Bell, PA",automatic
491844,Red Lake Nation College,"Red Lake, MN",automatic
101471,J F Ingram State Technical College,"Deatsville, AL",automatic
233611,Southern Virginia University,"Buena Vista, VA",automatic
249609,Fortis Institute-Forty Fort,"Forty Fort, PA",automatic
102669,Alaska Pacific University,"Anchorage, AK",custom
201061,Art Academy of Cincinnati,"Cincinnati, OH",automatic
260363,Greene County Career and Technology Center,"Waynesburg, PA",automatic
430704,Texas Health and Science University,"Austin, TX",automatic
481720,South University-High Point,"High Point, NC",automatic
243601,Universidad Ana G. Mendez-Gurabo Campus,"Gurabo, PR",custom
203599,Lakeland Community College,"Kirtland, OH",automatic
204477,Northeast Ohio Medical University,"Rootstown, OH",custom
484710,University of Phoenix-Nevada,"Las Vegas, NV",custom
139384,Georgia Northwestern Technical College,"Rome, GA",custom
157793,Sullivan University,"Louisville, KY",automatic
487375,Arizona College of Nursing-Las Vegas,"Las Vegas, NV",automatic
457387,Immokalee Technical College,"Immokalee, FL",custom
485458,Coastal Pines Technical College,"Waycross, GA",automatic
239071,Maranatha Baptist University,"Watertown, WI",custom
211343,Butler County Community College,"Butler, PA",custom
219994,Tennessee College of Applied Technology-Dickson,"Dickson, TN",automatic
211477,Central Penn College,"Summerdale, PA",custom
495280,Indian Bible College,"Flagstaff, AZ",automatic
485403,High Tech High Graduate School of Education,"San Diego, CA",automatic
449481,Dragon Rises College of Oriental Medicine,"Gainesville, FL",custom
134343,Gulf Coast State College,"Panama City, FL",automatic
228158,South Plains College,"Levelland, TX",custom
120421,Oxnard College,"Oxnard, CA",automatic
184968,Holy Name Medical Center-Sister Claire Tynan School of Nursing,"Englewood Cliffs, NJ",automatic
119775,Newschool of Architecture and Design,"San Diego, CA",custom
118684,Mendocino College,"Ukiah, CA",automatic
486433,Presidio Graduate School,"San Francisco, CA",automatic
146490,Lake Forest Graduate School of Management,"Lake Forest, IL",automatic
236382,Renton Technical College,"Renton, WA",automatic
458229,West Coast University-Ontario,"Ontario, CA",custom
196264,Empire State University,"Saratoga Springs, NY",custom
221096,Motlow State Community College,"Tullahoma, TN",automatic
201672,Central Ohio Technical College,"Newark, OH",custom
461689,Pima Medical Institute-Aurora,"Aurora, CO",automatic
172422,Michigan Career and Technical Institute,"Plainwell, MI",custom
177436,Four Rivers Career Center,"Washington, MO",automatic
229018,The University of Texas Permian Basin,"Odessa, TX",custom
193052,Mesivta Torah Vodaath Rabbinical Seminary,"Brooklyn, NY",automatic
122339,San Diego City College,"San Diego, CA",automatic
239008,Lakeshore Technical College,"Cleveland, WI",custom
194693,Rabbinical College Beth Shraga,"Monsey, NY",automatic
438586,American InterContinental University-Atlanta,"Atlanta, GA",automatic
216630,Washington Health System School of Nursing,"Washington, PA",automatic
476939,FVI School of Nursing and Technology,"Miami, FL",automatic
484844,Minerva University,"San Francisco, CA",automatic
248925,Tennessee College of Applied Technology Nashville,"Nashville, TN",custom
183105,White Mountains Community College,"Berlin, NH",custom
369455,Worsham College of Mortuary Science,"Wheeling, IL",automatic
480657,Rasmussen University-Kansas,"Topeka, KS",automatic
487490,Florida Career College-Houston,"Houston, TX",automatic
229832,Western Texas College,"Snyder, TX",automatic
488572,California Health Sciences University,"Clovis, CA",automatic
212771,Gratz College,"Melrose Park, PA",automatic
230603,Southern Utah University,"Cedar City, UT",custom
127778,Otero College,"La Junta, CO",automatic
490106,Virginia University of Integrative Medicine,"Vienna, VA",automatic
418029,Washington Saratoga Warren Hamilton Essex BOCES-Practical Nursing Program,"Hudson Falls, NY",automatic
201821,The Christ College of Nursing and Health Sciences,"Cincinnati, OH",custom
174376,North Hennepin Community College,"Brooklyn Park, MN",automatic
126687,Concorde Career College-Aurora,"Aurora, CO",custom
128151,Pickens Technical College,"Aurora, CO",automatic
188438,SUNY Adirondack,"Queensbury, NY",custom
146667,Lincoln Christian University,"Lincoln, IL",custom
160409,Saint Joseph Seminary College,"St. Benedict, LA",custom
101028,Chattahoochee Valley Community College,"Phenix City, AL",automatic
204848,Ohio University-Lancaster Campus,"Lancaster, OH",automatic
476975,Colorado State University Global,"Aurora, CO",custom
202435,Davis College,"Toledo, OH",automatic
375683,Gordon Cooper Technology Center,"Shawnee, OK",custom
226116,Lamar State College-Port Arthur,"Port Arthur, TX",custom
486284,Bethany Global University,"Bloomington, MN",automatic
373711,Upper Cape Cod Regional Technical School,"Bourne, MA",automatic
428019,Green Country Technology Center,"Okmulgee, OK",automatic
433536,Herzing University-New Orleans,"Metairie, LA",automatic
404338,Schiller International University,"Tampa, FL",automatic
203456,Kent State University at East Liverpool,"East Liverpool, OH",automatic
490878,Platt College-Anaheim,"Anaheim, CA",automatic
451750,Bryant & Stratton College-Wauwatosa,"Wauwatosa, WI",automatic
480037,MyComputerCareer at Raleigh,"Raleigh, NC",automatic
155201,Independence Community College,"Independence, KS",automatic
194666,Rabbinical College Bobover Yeshiva Bnei Zion,"Brooklyn, NY",automatic
226675,Covenant School of Nursing and Allied Health,"Lubbock, TX",automatic
117715,Los Angeles Southwest College,"Los Angeles, CA",automatic
441025,Miller-Motte College-Charleston,"Charleston, SC",automatic
133021,Chipola College,"Marianna, FL",custom
459727,Touro University Worldwide,"Los Alamitos, CA",automatic
177144,Culver-Stockton College,"Canton, MO",custom
180328,Little Big Horn College,"Crow Agency, MT",automatic
441636,American Institute of Alternative Medicine,"Columbus, OH",custom
176451,Wesley Biblical Seminary,"Ridgeland, MS",custom
481021,Berks Career & Technology Center,"Leesport, PA",automatic
449083,CBT Technology Institute-Main Campus,"Miami, FL",automatic
155487,Manhattan Area Technical College,"Manhattan, KS",custom
147590,National University of Health Sciences,"Lombard, IL",custom
196228,SUNY College of Optometry,"New York, NY",custom
197601,Yeshiva Karlin Stolin,"Brooklyn, NY",automatic
107327,Arkansas Northeastern College,"Blytheville, AR",custom
102711,Alaska Vocational Technical Center,"Seward, AK",automatic
449612,Louisiana Culinary Institute,"Baton Rouge, LA",automatic
439899,Rosedale Bible College,"Irwin, OH",automatic
431017,Mid-Del Technology Center,"Midwest City, OK",automatic
176600,Aquinas Institute of Theology,"Saint Louis, MO",automatic
155830,Salina Area Technical College,"Salina, KS",custom
484631,University of Phoenix-California,"Ontario, CA",custom
242680,Inter American University of Puerto Rico-Fajardo,"Fajardo, PR",automatic
494843,Fortis College-Landover,"Landover, MD",automatic
484473,University of Florida-Online,"Gainesville, FL",automatic
214528,Orleans Technical College,"Philadelphia, PA",custom
119270,Musicians Institute,"Hollywood, CA",automatic
105534,Pima Medical Institute-Tucson,"Tucson, AZ",automatic
208512,Sumner College,"Portland, OR",automatic
140012,Gwinnett Technical College,"Lawrenceville, GA",custom
140340,Herzing University-Atlanta,"Atlanta, GA",automatic
418205,Career and Technology Education Centers of Licking County,"Newark, OH",automatic
173115,Northwest Technical College,"Bemidji, MN",custom
451398,Yeshiva Toras Chaim,"Lakewood, NJ",automatic
148575,Saint Francis Medical Center College of Nursing,"Peoria, IL",custom
111966,Charles R Drew University of Medicine and Science,"Los Angeles, CA",custom
109040,American Career College-Los Angeles,"Los Angeles, CA",automatic
491701,Rexburg College of Massage Therapy,"Rexburg, ID",automatic
248633,Franklin County Career and Technology Center,"Chambersburg, PA",automatic
241386,Caribbean University-Carolina,"Carolina, PR",custom
497833,Marian University-Ancilla,"Plymouth, IN",custom
187046,Thomas Edison State University,"Trenton, NJ",automatic
167464,Pope St John XXIII National Seminary,"Weston, MA",automatic
135735,Orange Technical College-South Campus,"Orlando, FL",automatic
406422,Central Susquehanna Intermediate Unit LPN Career,"Milton, PA",automatic
365505,Waynesville Career Center,"Waynesville, MO",automatic
163347,Fortis Institute-Towson,"Towson, MD",automatic
434469,New Professions Technical Institute,"Miami, FL",automatic
362700,Aveda Institute-Fort Myers,"Fort Myers, FL",automatic
475398,Catholic Distance University,"Charles Town, WV",automatic
427982,Centura College-Richmond Main,"North Chesterfield, VA",automatic
201177,Aultman College of Nursing and Health Sciences,"Canton, OH",custom
493974,College of Athens,"Watkinsville, GA",automatic
145354,Graham Hospital School of Nursing,"Canton, IL",automatic
206172,Tri-County Adult Career Center,"Nelsonville, OH",automatic
191302,Fulton-Montgomery Community College,"Johnstown, NY",automatic
233356,Bon Secours Memorial College of Nursing,"Richmond, VA",custom
200314,Dakota College at Bottineau,"Bottineau, ND",custom
439394,East West College of Natural Medicine,"Sarasota, FL",automatic
210155,Southwestern Oregon Community College,"Coos Bay, OR",custom
159373,Louisiana State University Health Sciences Center-New Orleans,"New Orleans, LA",custom
446303,Healthcare Training Institute,"Union, NJ",custom
139348,Columbia Theological Seminary,"Decatur, GA",automatic
116226,Interior Designers Institute,"Newport Beach, CA",automatic
129534,Holy Apostles College and Seminary,"Cromwell, CT",automatic
115357,Salon Success Academy-Riverside,"Riverside, CA",automatic
214290,New Castle School of Trades,"New Castle, PA",automatic
449074,Pima Medical Institute-Renton,"Renton, WA",automatic
218672,University of South Carolina-Lancaster,"Lancaster, SC",custom
223001,Austin Presbyterian Theological Seminary,"Austin, TX",automatic
147697,Northern Baptist Theological Seminary,"Lisle, IL",automatic
206905,Pontotoc Technology Center,"Ada, OK",automatic
189811,St Paul's School of Nursing-Queens,"Rego Park, NY",automatic
173559,Minnesota State Community and Technical College,"Fergus Falls, MN",custom
450058,Fortis College-Columbus,"Westerville, OH",automatic
497000,Remington College-Online Dallas,"Dallas, TX",automatic
206011,Terra State Community College,"Fremont, OH",custom
173735,Minnesota North College,"Hibbing, MN",automatic
194189,Ohr Hameir Theological Seminary,"Peekskill, NY",automatic
139357,Columbus Technical College,"Columbus, GA",automatic
123493,Charles A Jones Career and Education Center,"Sacramento, CA",automatic
218681,University of South Carolina-Salkehatchie,"Allendale, SC",custom
495013,Western Maricopa Education Center,"Glendale, AZ",automatic
372073,Fremont University,"Cerritos, CA",automatic
220118,Chattanooga College Medical Dental and & Technical Careers,"Chattanooga, TN",automatic
439367,CBD College,"Los Angeles, CA",automatic
433420,California Aeronautical University,"Bakersfield, CA",automatic
180373,Miles Community College,"Miles City, MT",automatic
433138,Wayne County Schools Career Center,"Smithville, OH",automatic
363013,Ross Medical Education Center-Port Huron,"Port Huron, MI",automatic
446604,Uta Mesivta of Kiryas Joel,"Monroe, NY",custom
221591,Tennessee College of Applied Technology-Crossville,"Crossville, TN",automatic
461032,Carolina College of Biblical Studies,"Fayetteville, NC",automatic
200873,Allegheny Wesleyan College,"Salem, OH",automatic
442639,University of the Potomac-VA Campus,"FALLS CHURCH, VA",automatic
172671,West Shore Community College,"Scottville, MI",automatic
137856,Big Bend Technical College,"Perry, FL",automatic
236975,Wenatchee Valley College,"Wenatchee, WA",custom
149028,Saint Anthony College of Nursing,"Rockford, IL",custom
194259,Otsego Area BOCES-Practical Nursing Program,"Oneonta, NY",automatic
200785,Herzing University-Akron,"Akron, OH",automatic
148016,Principia College,"Elsah, IL",custom
461148,New York Film Academy,"Burbank, CA",automatic
146816,Generations College,"Chicago, IL",custom
442444,San Joaquin Valley College-Ontario,"Ontario, CA",custom
243799,Blue Hills Regional Technical School,"Canton, MA",automatic
181853,York University,"York, NE",custom
197966,Beaufort County Community College,"Washington, NC",custom
224305,Dallas Theological Seminary,"Dallas, TX",custom
436827,University of Connecticut-Avery Point,"Groton, CT",automatic
454786,Laurus College,"San Luis Obispo, CA",automatic
428170,Southeastern College-West Palm Beach,"West Palm Beach, FL",automatic
455196,Jersey College,"Teterboro, NJ",automatic
201973,Clark State College,"Springfield, OH",custom
368911,Southeastern Technical College,"Vidalia, GA",custom
418445,Jefferson County Dubois Area Vocational Technical Practical Nursing Program,"Reynoldsville, PA",automatic
421513,Ross College-Hopkinsville,"Hopkinsville, KY",automatic
383084,Hacienda La Puente Adult Education,"La Puente, CA",automatic
143659,Catholic Theological Union at Chicago,"Chicago, IL",automatic
459851,Herzing University-Brookfield,"Brookfield, WI",custom
119553,National Holistic Institute,"Emeryville, CA",automatic
228866,Texas Chiropractic College Foundation Inc,"Pasadena, TX",automatic
147129,Methodist College,"Peoria, IL",custom
204486,University of Northwestern Ohio,"Lima, OH",custom
475033,Relay Graduate School of Education,"New York, NY",automatic
219903,Concorde Career College-Memphis,"Memphis, TN",custom
190080,Colgate Rochester Crozer Divinity School,"Rochester, NY",automatic
106546,Baptist Health College Little Rock,"Little Rock, AR",automatic
480833,The College of Health Care Professions-Fort Worth,"Fort Worth, TX",automatic
217077,YTI Career Institute-York,"York, PA",automatic
261773,Pike-Lincoln Technical Center,"Eolia, MO",automatic
260691,Pima Medical Institute-Mesa,"Mesa, AZ",automatic
243647,Palau Community College,"Koror, PW",custom
443641,Paul Mitchell the School-Rhode Island,"Cranston, RI",automatic
186405,Capital Health School of Radiologic Technology,"Trenton, NJ",automatic
455628,Fortis Institute-Birmingham,"Birmingham, AL",automatic
233037,Paul D Camp Community College,"Franklin, VA",custom
245777,Bais Medrash Elyon,"Monsey, NY",automatic
491817,Seminary Bnos Chaim,"Lakewood, NJ",automatic
228653,The University of Texas Medical Branch at Galveston,"Galveston, TX",custom
380368,Fond du Lac Tribal and Community College,"Cloquet, MN",custom
117575,Southern California Seminary,"El Cajon, CA",automatic
459967,Southern Careers Institute-Brownsville,"Brownsville, TX",automatic
138479,William T McFatter Technical College,"Davie, FL",automatic
498322,Xtylo Beauty College,"Tolleson, AZ",automatic
148593,St. John's College-Department of Nursing,"Springfield, IL",custom
443331,West Coast University-Los Angeles,"North Hollywood, CA",custom
214643,Pennsylvania State University-Penn State Wilkes-Barre,"Dallas, PA",automatic
490832,Ross College-Canton,"Canton, OH",automatic
243577,Universidad Politecnica de Puerto Rico,"Hato Rey, PR",automatic
145558,Rosalind Franklin University of Medicine and Science,"North Chicago, IL",custom
215992,Laurel Technical Institute,"Hermitage, PA",custom
458681,Fortis College-Indianapolis,"Indianapolis, IN",automatic
204176,Mount Carmel College of Nursing,"Columbus, OH",custom
197142,Villa Maria College,"Buffalo, NY",custom
368407,Western Area Career & Technology Center,"Canonsburg, PA",automatic
419420,Putnam Career and Technical Center,"Eleanor, WV",automatic
105297,Dine College,"Tsaile, AZ",automatic
177117,Cottey College,"Nevada, MO",custom
444635,Orion Institute,"Perrysburg, OH",custom
446598,Universal College of Healing Arts,"Omaha, NE",automatic
181817,Western Nebraska Community College,"Scottsbluff, NE",custom
204255,Zane State College,"Zanesville, OH",custom
417840,Prism Career Institute-Philadelphia,"Philadelphia, PA",automatic
480921,Designer Barber & Stylist School,"Fort Smith, AR",automatic
213163,UPMC Jameson School of Nursing,"New Castle, PA",custom
458955,Strayer University-Mississippi,"Jackson, MS",automatic
493813,Falcon Institute of Health and Science,"Bethlehem, PA",automatic
111799,CET-Salinas,"Salinas, CA",automatic
163028,Lincoln College of Technology-Columbia,"Columbia, MD",custom
455965,Toni & Guy Hairdressing Academy-Cranston,"Cranston, RI",automatic
215594,Reading Hospital School of Health Sciences,"Reading, PA",automatic
177542,Hannibal-LaGrange University,"Hannibal, MO",automatic
452106,Escuela De Troqueleria Y Herramentaje,"Bayamon, PR",automatic
457697,City Vision University,"Kansas City, MO",automatic
487889,Regional Center for Border Health,"Somerton, AZ",automatic
441229,Smith Chason College,"Los Angeles, CA",automatic
185679,JFK Muhlenberg Harold B. and Dorothy A. Snyder Schools,"Plainfield, NJ",automatic
220871,Memphis Theological Seminary,"Memphis, TN",automatic
442602,Carrington College-Albuquerque,"Albuquerque, NM",custom
417752,Messenger College,"Bedford, TX",custom
207315,Oklahoma State University Center for Health Sciences,"Tulsa, OK",automatic
461865,Best Care College,"East Orange, NJ",automatic
246071,Career Technology Center of Lackawanna County,"Scranton, PA",automatic
208725,New Hope Christian College-Eugene,"Eugene, OR",custom
486956,Chamberlain University-New Jersey,"North Brunswick, NJ",automatic
184205,Rowan College of South Jersey-Cumberland Campus,"Vineland, NJ",custom
380377,Northwest Indian College,"Bellingham, WA",custom
110468,Alliant International University-San Diego,"San Diego, CA",custom
230162,Davis Technical College,"Kaysville, UT",automatic
369686,Northwest Educational Center,"Houston, TX",automatic
483780,Washington University of Science and Technology,"Vienna, VA",automatic
495837,Dorsey College-Woodhaven,"Woodhaven, MI",automatic
217837,Northeastern Technical College,"Cheraw, SC",custom
496654,Sri Sai Krish Institute,"ORANGE, CA",automatic
451079,Academy for Five Element Acupuncture,"Gainesville, FL",automatic
154855,Central Christian College of Kansas,"McPherson, KS",custom
490081,America Evangelical University,"Gardena, CA",automatic
486424,Saint Michael College of Allied Health,"Washington, DC",automatic
121637,Shasta School of Cosmetology,"Redding, CA",automatic
429094,AOMA Graduate School of Integrative Medicine,"Austin, TX",custom
240213,Wisconsin School of Professional Psychology,"Milwaukee, WI",automatic
496955,UEI College-Mesa,"Mesa, AZ",automatic
489858,West Coast University-Center for Graduate Studies,"Los Angeles, CA",automatic
382911,Southwest College for the Deaf,"Big Spring, TX",automatic
192800,Marion S Whelan School of Nursing of Geneva General Hospital,"Geneva, NY",automatic
484756,University of Phoenix-Texas,"Dallas, TX",custom
476179,Empire Beauty School-Virginia Beach,"Virginia Beach, VA",automatic
103927,Carrington College-Tucson,"Tucson, AZ",custom
139746,Grady Health System Professional Schools,"Atlanta, GA",automatic
178767,Stevens-The Institute of Business & Arts,"Saint Louis, MO",automatic
476230,Ross Medical Education Center-Morgantown,"Morgantown, WV",automatic
430883,Cayuga Onondaga BOCES-Practical Nursing Program,"Auburn, NY",automatic
441663,Institute of Technology,"Salem, OR",automatic
137087,Pinellas Technical College-St. Petersburg,"Saint Petersburg, FL",automatic
484057,Jupiter Beauty Academy,"Boston, MA",automatic
418454,Greater Johnstown Career and Technology Center,"Johnstown, PA",automatic
209603,Pacific Northwest College of Art,"Portland, OR",custom
190752,Yeshiva of Far Rockaway Derech Ayson Rabbinical Seminary,"Far Rockaway, NY",automatic
192165,Kehilath Yakov Rabbinical Seminary,"Ossining, NY",automatic
459550,Summit Salon Academy,"Tacoma, WA",automatic
115746,Pacifica Graduate Institute,"Carpinteria, CA",automatic
183725,Fortis Institute-Wayne,"Wayne, NJ",automatic
204459,Toledo Public Schools Adult and Continuing Education,"Toledo, OH",automatic
373085,Ross College-Davenport,"Davenport, IA",automatic
108232,Academy of Art University,"San Francisco, CA",automatic
447768,American Career College-Ontario,"Ontario, CA",automatic
492689,Texas Tech University Health Sciences Center-El Paso,"El Paso, TX",automatic
137245,Sheridan Technical College,"Hollywood, FL",automatic
204334,National Beauty College,"Canton, OH",custom
407629,Lake Erie College of Osteopathic Medicine,"Erie, PA",custom
490090,Gadsden Technical College,"Quincy, FL",automatic
420246,Sonoran University of Health Sciences,"Tempe, AZ",custom
164535,Assabet Valley Regional Technical School,"Marlborough, MA",automatic
497277,Arizona College-Glendale,"Glendale, AZ",automatic
452081,Ross College-Sylvania,"Sylvania, OH",automatic
480790,Rocky Vista University,"Parker, CO",automatic
239169,Medical College of Wisconsin,"Milwaukee, WI",automatic
140827,Miami Ad School-Atlanta,"Atlanta, GA",automatic
494630,Christ Mission College,"San Antonio, TX",automatic
140562,Morehouse School of Medicine,"Atlanta, GA",automatic
482459,DeVry University-Florida,"Orlando, FL",custom
135179,Lake Technical College,"Eustis, FL",custom
200208,Cankdeska Cikana Community College,"Fort Totten, ND",automatic
492722,The College of Health Care Professions-South San Antonio,"San Antonio, TX",automatic
155007,Donnelly College,"Kansas City, KS",custom
233082,Southside College of Health Sciences,"Colonial Heights, VA",custom
488970,Ross Medical Education Center-Midland,"Midland, MI",automatic
487649,California Institute of Advanced Management,"Alhambra, CA",automatic
383020,Midwest College of Oriental Medicine-Racine,"Racine, WI",automatic
494737,Yeshiva Yesoda Hatorah Vetz Chaim,"Brooklyn, NY",automatic
205391,The Modern College of Design,"Kettering, OH",automatic
491446,Bnos Zion Of Bobov Seminary,"Brooklyn, NY",automatic
439969,Acupuncture and Massage College,"Miami, FL",automatic
448248,Mountainland Technical College,"Lehi, UT",automatic
135647,Miami Lakes Educational Center and Technical College,"Miami Lakes, FL",automatic
217581,Empire Beauty School-Warwick,"Providence, RI",automatic
404055,Brookline College-Tempe,"Tempe, AZ",automatic
439792,Fortis College-Orange Park,"Orange Park, FL",automatic
192970,Memorial Hospital School of Radiation Therapy Technology,"New York, NY",automatic
215682,Rosedale Technical College,"Pittsburgh, PA",automatic
205124,Rabbinical College Telshe,"Wickliffe, OH",automatic
138938,Atlanta School of Massage,"Atlanta, GA",custom
198844,Leons Beauty School Inc,"Greensboro, NC",automatic
419341,Jna Institute of Culinary Arts,"Philadelphia, PA",automatic
124681,UEI College-Huntington Park,"Huntington Park, CA",automatic
204963,Paramount Beauty Academy,"Portsmouth, OH",automatic
198677,Heritage Bible College,"Dunn, NC",automatic
485342,Aparicio-Levy Technical College,"Tampa, FL",automatic
156471,Galen College of Nursing-Louisville,"Louisville, KY",custom
431071,New York Institute of Massage Inc,"Williamsville, NY",automatic
137120,Suncoast Technical College,"Sarasota, FL",automatic
193308,Monroe College,"Bronx, NY",custom
484996,Houston Training Schools-Gessner,"Houston, TX",automatic
219408,Sisseton Wahpeton College,"Sisseton, SD",automatic
486877,Eastern Suffolk BOCES,"Riverhead, NY",custom
420325,Yeshiva D'monsey Rabbinical College,"Monsey, NY",automatic
455868,National Career College,"Panorama City, CA",automatic
434432,Myotherapy Institute,"Lincoln, NE",automatic
188650,Allen School-Brooklyn,"Brooklyn, NY",automatic
480028,Digital Film Academy,"New York, NY",automatic
199883,Watts College of Nursing,"Durham, NC",automatic
368647,Mineral County Vocational Technical Center,"Keyser, WV",automatic
141006,South Georgia Technical College,"Americus, GA",automatic
231970,Eastern Virginia Medical School,"Norfolk, VA",automatic
375407,Madison Adult Career Center,"Mansfield, OH",automatic
233842,Union Presbyterian Seminary,"Richmond, VA",custom
383367,Greater Altoona Career & Technology Center,"Altoona, PA",automatic
101453,Heritage Christian University,"Florence, AL",custom
454810,Auguste Escoffier School of Culinary Arts-Boulder,"Boulder, CO",automatic
449357,Beaumont Adult School,"Beaumont, CA",automatic
436818,University of Connecticut-Waterbury Campus,"Waterbury, CT",automatic
486196,Beth Medrash Meor Yitzchok,"Monsey, NY",automatic
476726,Rio Grande Valley College,"Pharr, TX",automatic
463056,University of Connecticut-Hartford Campus,"Hartford, CT",automatic
443058,Family of Faith Christian University,"Shawnee, OK",custom
188207,Southwestern College,"Santa Fe, NM",automatic
491473,Polytech Adult Education,"Woodside, DE",automatic
455877,Aveda Institute-Chicago,"Chicago, IL",custom
446251,Estelle Medical Academy,"Skokie, IL",automatic
194073,New York College of Podiatric Medicine,"New York, NY",automatic
138284,Florida Panhandle Technical College,"Chipley, FL",automatic
241517,CEM College-San Juan,"San Juan, PR",automatic
172705,Western Theological Seminary,"Holland, MI",automatic
413893,United Education Institute-Morrow,"Morrow, GA",automatic
493868,A Better U Beauty Barber Academy,"Albuquerque, NM",automatic
491297,University of Wisconsin-Parkside Flex,"Kenosha, WI",automatic
459204,Unitek College,"Fremont, CA",automatic
215381,Pittsburgh Institute of Aeronautics,"West Mifflin, PA",custom
381325,CET-Santa Maria,"Santa Maria, CA",automatic
482653,DeVry University-Virginia,"Arlington, VA",custom
190071,Cochran School of Nursing,"Yonkers, NY",automatic
418348,Eastern Oklahoma County Technology Center,"Choctaw, OK",automatic
457411,Aviation Institute of Maintenance-Orlando,"Casselberry, FL",automatic
189228,Berkeley College-New York,"New York, NY",custom
480976,The Salon Professional Academy-Huntsville,"Huntsville, AL",automatic
499635,EDP University of Puerto Rico-Caguas,"Caguas, PR",automatic
475741,Chamberlain University-Indiana,"Indianapolis, IN",custom
154536,Wartburg Theological Seminary,"Dubuque, IA",custom
185758,New Brunswick Theological Seminary,"New Brunswick, NJ",automatic
105215,Universal Technical Institute of Arizona Inc-Motorcycle Mechanics Institute Division,"Avondale, AZ",automatic
221494,Tennessee College of Applied Technology-Shelbyville,"Shelbyville, TN",automatic
166407,Lawrence Memorial Hospital School of Nursing,"Medford, MA",automatic
491765,Yeshivas Emek Hatorah,"Howell, NJ",automatic
368364,Southwest Technology Center,"Altus, OK",automatic
216162,St Lukes Hospital School of Nursing,"Bethlehem, PA",automatic
205179,Fortis College-Centerville,"Centerville, OH",automatic
166708,University of Massachusetts Chan Medical School,"Worcester, MA",custom
160010,Northwest Louisiana Technical Community College,"Minden, LA",automatic
190008,Circle in the Square Theatre School,"New York, NY",custom
496973,Herzing University-Tampa,"Tampa, FL",automatic
369668,Central Pennsylvania Institute of Science and Technology,"Pleasant Gap, PA",automatic
122685,San Joaquin Valley College-Visalia,"Visalia, CA",automatic
456579,Miller-Motte College-McCann-Allentown,"Allentown, PA",automatic
480091,Bryant & Stratton College-Online,"Orchard Park, NY",automatic
192961,St. Peter's Hospital College of Nursing,"Albany, NY",automatic
132675,North Florida Technical College,"Starke, FL",automatic
114114,Emperor's College of Traditional Oriental Medicine,"Santa Monica, CA",automatic
443410,DigiPen Institute of Technology,"Redmond, WA",automatic
497329,American Institute-Cherry Hill,"Cherry Hill, NJ",automatic
490230,Reformed University,"Lawrenceville, GA",automatic
433174,Carolinas College of Health Sciences,"Charlotte, NC",custom
427991,Osceola Technical College,"Kissimmee, FL",custom
247153,Dorsey College-Wayne,"Wayne, MI",automatic
491464,ABC Adult School,"Cerritos, CA",automatic
220853,Tennessee College of Applied Technology-Memphis,"Memphis, TN",automatic
214582,Pennsylvania Institute of Technology,"Media, PA",automatic
363712,Yeshivah Gedolah Rabbinical College,"Miami Beach, FL",automatic
458210,West Coast University-Orange County,"Anaheim, CA",custom
417992,Orange Ulster BOCES-Practical Nursing Program,"Newburgh, NY",automatic
134291,George Stone Technical College,"Pensacola, FL",automatic
481225,Mid-South Christian College,"Memphis, TN",automatic
457624,Southern Worcester County Regional Vocational School District,"Charlton, MA",automatic
445249,Remington College-Nashville Campus,"Nashville, TN",automatic
204431,Northern Institute of Cosmetology,"Lorain, OH",automatic
447698,Phoenix Institute of Herbal Medicine & Acupuncture,"Phoenix, AZ",automatic
490151,Allied Health Careers Institute,"Murfreesboro, TN",automatic
242556,Instituto Tecnologico de Puerto Rico-Recinto de Guayama,"Guayama, PR",automatic
459408,Tri County Regional Vocational Technical High School,"Franklin, MA",automatic
419095,Charles H McCann Technical School,"North Adams, MA",automatic
496265,Triangle Tech-Chambersburg,"Chambersburg, PA",automatic
261685,Ross Medical Education Center-Ann Arbor,"Ann Arbor, MI",automatic
459578,Paul Mitchell the School-Milwaukee,"Wauwatosa, WI",automatic
372082,Pomona Unified School District Adult and Career Education,"Pomona, CA",automatic
494904,Access Careers-Islandia,"Islandia, NY",automatic
446163,Community Christian College,"Redlands, CA",automatic
449348,Huntsville Bible College,"Huntsville, AL",automatic
241216,Atlantic University College,"Guaynabo, PR",automatic
379621,Madison Oneida BOCES-Practical Nursing Program,"Verona, NY",custom
187000,Aviation Institute of Maintenance-Teterboro,"Hasbrouck Heights, NJ",automatic
441423,Florida Education Institute,"Miami, FL",automatic
491507,California Institute of Medical Science,"Clovis, CA",automatic
233602,Southeastern Free Will Baptist Bible College,"Wendell, NC",automatic
364964,"Center for Instruction, Technology & Innovation","Mexico, NY",automatic
431983,Yeshiva of the Telshe Alumni,"Riverdale, NY",automatic
180203,Aaniiih Nakoda College,"Harlem, MT",automatic
448275,Mountain State School of Massage,"Charleston, WV",automatic
461324,Meridian Institute of Surgical Assisting,"Nashville, TN",automatic
163532,Ner Israel Rabbinical College,"Baltimore, MD",automatic
375726,Kiamichi Technology Center-McAlester,"McAlester, OK",automatic
454962,The University of Aesthetics & Cosmetology,"Downers Grove, IL",automatic
412535,Shawsheen Valley School of Practical Nursing,"Billerica, MA",automatic
240790,Northern Marianas College,"Saipan, MP",custom
482413,DeVry College of New York,"New York, NY",custom
371052,Fortis College,"Mobile, AL",automatic
436429,Los Angeles Film School,"Hollywood, CA",automatic
459824,Touro University Nevada,"Henderson, NV",custom
494746,North-West College-San Diego,"San Diego, CA",automatic
374574,Lincoln Technical Institute-Moorestown,"Moorestown, NJ",custom
460482,Dorsey College-Saginaw,"Saginaw, MI",automatic
242112,Huertas College,"Caguas, PR",automatic
375656,Chisholm Trail Technology Center,"Omega, OK",automatic
192004,Jamestown Business College,"Jamestown, NY",automatic
203030,Adult and Community Education-Hudson,"Columbus, OH",automatic
447713,California Career College,"Canoga Park, CA",automatic
115010,Glendale Career College,"Glendale, CA",automatic
482635,DeVry University-Texas,"Irving, TX",custom
486558,Aviation Institute of Maintenance-Fremont,"Fremont, CA",automatic
492449,Pima Medical Institute-San Marcos,"San Marcos, CA",automatic
189255,Berkowits School of Electrolysis,"Forest Hills, NY",automatic
457101,Carrington College-Las Vegas,"Las Vegas, NV",custom
434441,Florida College of Integrative Medicine,"Orlando, FL",automatic
433004,American University of Health Sciences,"Signal Hill, CA",automatic
481243,New York Institute of Beauty,"Islandia, NY",automatic
243106,University of Puerto Rico-Aguadilla,"Aguadilla, PR",custom
130873,Dawn Career Institute LLC,"Newark, DE",automatic
191940,Isabella Graham Hart School of Practical Nursing,"Rochester, NY",automatic
365383,Wilkes-Barre Area Career and Technical Center Practical Nursing,"Wilkes Barre, PA",automatic
421878,Eastern International College-Jersey City,"Jersey City, NJ",custom
134422,Key College,"Fort Lauderdale, FL",automatic
262466,Dr. Ida Rolf Institute,"Boulder, CO",automatic
448196,Texas Health School,"Houston, TX",custom
193070,Mesivtha Tifereth Jerusalem of America,"New York, NY",automatic
441070,Saginaw Chippewa Tribal College,"Mount Pleasant, MI",automatic
495077,Paul Mitchell the School-San Jose,"San Jose, CA",automatic
498340,Chancellor Institute,"Ft Laurderdale, FL",automatic
365213,Autry Technology Center,"Enid, OK",automatic
446206,Culpeper Cosmetology Training Center,"Culpeper, VA",automatic
192509,Long Island Business Institute,"Flushing, NY",automatic
237880,West Virginia School of Osteopathic Medicine,"Lewisburg, WV",automatic
221050,Tennessee College of Applied Technology-Morristown,"Morristown, TN",automatic
385503,Fortis Institute-Scranton,"Scranton, PA",automatic
205054,Professional Skills Institute,"Maumee, OH",automatic
499149,Herzing University-Nashville,"Nashville, TN",automatic
449454,Academy of Natural Therapy Inc,"Greeley, CO",automatic
237172,Ben Franklin Career Center,"Dunbar, WV",automatic
108861,Berkeley School of Theology,"Berkeley, CA",automatic
221582,Tennessee College of Applied Technology-Oneida-Huntsville,"Huntsville, TN",automatic
137865,Tom P. Haney Technical College,"Panama City, FL",automatic
420370,Career Technical Institute,"Washington, DC",automatic
441858,Eastern Virginia Career College,"Fredericksburg, VA",automatic
476692,Yeshiva Gedolah Zichron Leyma,"Union, NJ",automatic
406024,Galen College of Nursing-Tampa Bay,"Saint Petersburg, FL",custom
444088,Brookline College-Albuquerque,"Albuquerque, NM",automatic
240709,Cheeks Beauty Academy,"Cheyenne, WY",automatic
437635,The College of Health Care Professions-Austin,"Austin, TX",automatic
182722,Empire Beauty School-Somersworth,"Somersworth, NH",automatic
128896,Cortiva Institute,"Cromwell, CT",automatic
383525,Erie 2 Chautauqua Cattaraugus BOCES-Practical Nursing Program,"Angola, NY",automatic
443571,InterCoast Colleges-West Covina,"West Covina, CA",automatic
486372,San Francisco Film School,"San Francisco, CA",automatic
461652,Aveda Institute-Boise,"Boise, ID",automatic
418010,Broome Delaware Tioga BOCES-Practical Nursing Program,"Endicott, NY",automatic
470038,UEI College-Riverside,"Riverside, CA",automatic
378956,National Aviation Academy of Tampa Bay,"Clearwater, FL",automatic
486886,Eastern Suffolk BOCES,"Oakdale, NY",custom
131830,National Conservatory of Dramatic Arts,"Washington, DC",automatic
184959,Eastwick College-Ramsey,"Ramsey, NJ",automatic
449700,Dayton School of Medical Massage,"Dayton, OH",automatic
490054,HCI College,"West Palm Beach, FL",automatic
134237,Full Sail University,"Winter Park, FL",automatic
457989,Academy for Careers and Technology,"Mullins, SC",automatic
457925,Portland Actors Conservatory,"Portland, OR",automatic
457341,International Institute of Cosmetology,"Wethersfield, CT",custom
446561,Stanbridge University,"Irvine, CA",automatic
460871,Chamberlain University-Virginia,"Vienna, VA",custom
413176,Fayette Institute of Technology,"Oak Hill, WV",automatic
222886,Arlington Career Institute,"Grand Prairie, TX",automatic
479424,Unitek College,"Hayward, CA",automatic
456038,Pima Medical Institute-East Valley,"Mesa, AZ",automatic
418278,Vantage Career Center,"Van Wert, OH",automatic
450067,Fortis College-Cincinnati,"Cincinnati, OH",automatic
418588,Northern Tier Career Center,"Towanda, PA",automatic
446385,Los Angeles College of Music,"Pasadena, CA",automatic
430971,Delaware County Technical School-Practical Nursing Program,"Broomall, PA",automatic
159522,Aveda Arts & Sciences Institute-Lafayette,"Lafayette, LA",automatic
494010,Ponce Health Sciences University-St Louis,"St. Louis, MO",automatic
460808,Integrated Massage Therapy Services,"Blackfoot, ID",automatic
200466,Sitting Bull College,"Fort Yates, ND",automatic
496894,Branford Academy of Hair & Cosmetology-Bridgeport,"Bridgeport, CT",automatic
487995,Alhambra Medical University,"Alhambra, CA",automatic
457615,Blackstone Valley Vocational Regional School District,"Upton, MA",automatic
162371,North American Trade Schools,"Baltimore, MD",automatic
404912,Pima Medical Institute-Denver,"Denver, CO",automatic
418542,Lebanon County Area Vocational Technical School,"Lebanon, PA",automatic
475325,Milan Institute-Las Vegas,"Las Vegas, NV",automatic
220251,Tennessee College of Applied Technology-Harriman,"Harriman, TN",automatic
178828,Poplar Bluff Technical Career Center,"Poplar Bluff, MO",automatic
139995,Gupton Jones College of Funeral Service,"Decatur, GA",automatic
475024,Fortis Institute-Lawrenceville,"Lawrenceville, NJ",automatic
442976,Brighton Center's Center for Employment Training,"Newport, KY",automatic
102580,Alaska Bible College,"Palmer, AK",automatic
496672,Hair Arts Institute,"Oklahoma City, OK",automatic
490869,American Institute-Somerset,"Somerset, NJ",automatic
243179,University of Puerto Rico-Humacao,"Humacao, PR",custom
202985,Hannah E Mullins School of Practical Nursing,"Salem, OH",automatic
195289,Samaritan Hospital School of Nursing,"Troy, NY",automatic
432524,Delaware College of Art and Design,"Wilmington, DE",custom
188669,The Ailey School,"New York, NY",custom
417655,Warrensburg Area Career Center,"Warrensburg, MO",automatic
418612,Hazleton Area Career Center,"Hazle TWP., PA",automatic
193380,Montefiore School of Nursing,"Mount Vernon, NY",automatic
123679,Concorde Career College-Garden Grove,"Garden Grove, CA",custom
498809,Yeshiva of Kasho,"Brooklyn, NY",automatic
481100,Top Nails & Hair Beauty School,"Taylorsville, UT",automatic
200554,United Tribes Technical College,"Bismarck, ND",custom
439622,Erie 1 BOCES,"West Seneca, NY",automatic
418296,Indian Capital Technology Center-Muskogee,"Muskogee, OK",automatic
483878,Bay Area Medical Academy,"San Francisco, CA",automatic
379746,College of Health Care Professions,"Houston, TX",automatic
213473,Lansdale School of Business,"North Wales, PA",automatic
457086,Homestead Schools,"Torrance, CA",custom
456074,Paul Mitchell the School-Columbus,"Columbus, OH",automatic
429085,American College of Acupuncture and Oriental Med,"Houston, TX",automatic
380438,Provo College,"Provo, UT",automatic
442985,California Healing Arts College,"Carson, CA",automatic
373678,New England Hair Academy,"Malden, MA",automatic
228088,Seguin Beauty School-Seguin,"Seguin, TX",automatic
138372,Orange Technical College-West Campus,"Winter Garden, FL",custom
468963,New England Tractor Trailer Training School of Massachusetts,"North Andover, MA",automatic
456922,South Texas Vocational Technical Institute-Brownsville,"Brownsville, TX",automatic
417682,Cass Career Center,"Harrisonville, MO",automatic
475121,South University-Savannah Online,"Savannah, GA",custom
494764,Aviation Institute of Maintenance-Charlotte,"Charlotte, NC",automatic
260372,Lac Courte Oreilles Ojibwe University,"Hayward, WI",automatic
383464,Central Texas Beauty College-Temple,"Temple, TX",automatic
475705,Annenberg School of Nursing,"Reseda, CA",automatic
214892,Penn Commercial Business/Technical School,"Washington, PA",automatic
488776,John Patrick University of Health and Applied Sciences,"South Bend, IN",automatic
172608,Walsh College,"Troy, MI",automatic
446109,Cambridge College of Healthcare & Technology,"Altamonte Springs, FL",automatic
179511,St Louis College of Health Careers-St Louis,"Saint Louis, MO",automatic
455479,Fortis Institute-Pensacola,"Pensacola, FL",automatic
194763,Rabbinical Seminary of America,"Flushing, NY",automatic
430306,Cayce/Reilly School of Massage,"Virginia Beach, VA",automatic
444699,Institute of Clinical Acupuncture & Oriental Med,"Honolulu, HI",automatic
418199,Penta County Joint Vocational School,"Perrysburg, OH",automatic
447421,Eagle Gate College-Layton,"Layton, UT",automatic
431716,Ocean County Vocational-Technical School,"Toms River, NJ",automatic
207342,University of Oklahoma-Health Sciences Center,"Oklahoma City, OK",automatic
498748,CalCopa Massage School,"Huntington Beach, CA",automatic
135522,Traviss Technical College,"Lakeland, FL",automatic
461014,Mildred Elley-New York Campus,"New York, NY",automatic
455974,South Texas Training Center,"Pharr, TX",automatic
438221,Miller-Motte College-McCann-Lewisburg,"Lewisburg, PA",automatic
107840,Shorter College,"N Little Rock, AR",automatic
495138,Professional Culinary Academy,"Buffalo, NY",automatic
210711,The  Beauty Institute,"Whitehall, PA",automatic
497310,Medspa Academies-National Institute of Modern Aesthetics,"Las Vegas, NV",automatic
482431,DeVry University-California,"Ontario, CA",custom
240754,University of Guam,"Mangilao, GU",custom
406486,Myotherapy Massage College,"Millcreek City, UT",automatic
417123,Ventura Adult and Continuing Education,"Ventura, CA",automatic
216083,South Hills School of Business & Technology,"State College, PA",automatic
152275,Ravenscroft Beauty College,"Fort Wayne, IN",automatic
190424,Weill Medical College of Cornell University,"New York, NY",automatic
106315,Arkansas Beauty School-Little Rock,"Little Rock, AR",automatic
456454,Fortis College-Salt Lake City,"Salt Lake City, UT",automatic
427308,Merkaz Bnos-Business School,"Brooklyn, NY",automatic
480532,Ross Medical Education Center-Ontario,"Ontario, OH",automatic
433013,Career Networks Institute,"Santa Ana, CA",automatic
485573,Universal Healthcare Careers College,"Los Angeles, CA",automatic
458274,Paul Mitchell the School-Chicago,"Chicago, IL",automatic
135276,Lively Technical College,"Tallahassee, FL",automatic
447865,Trendsetters School of Beauty & Barbering,"Jacksonville, FL",automatic
158246,Ayers Career College,"Shreveport, LA",automatic
441052,American Career College-Anaheim,"Anaheim, CA",automatic
221236,Tennessee College of Applied Technology Northwest,"Newbern, TN",automatic
443298,Trend Barber College,"Houston, TX",automatic
247010,Headmasters School of Hair Design,"Lewiston, ID",automatic
142054,Carrington College-Boise,"Boise, ID",custom
455336,MediaTech Institute-Dallas,"Dallas, TX",automatic
443137,Irene's Myomassology Institute,"Southfield, MI",automatic
448646,Unitech Training Academy-Houma,"Houma, LA",automatic
382258,Mt. Diablo Adult Education-Mt. Diablo USD,"Concord, CA",custom
413626,Leech Lake Tribal College,"Cass Lake, MN",automatic
202657,EHOVE Career Center,"Milan, OH",automatic
103909,Carrington College-Mesa,"Mesa, AZ",custom
431558,Cape Coral Technical College,"Cape Coral, FL",automatic
177685,Paul Mitchell the School-Missouri Columbia,"Columbia, MO",automatic
447935,ATA College,"Louisville, KY",automatic
438735,Aviation Institute of Maintenance-Indianapolis,"Indianapolis, IN",automatic
475574,Lil Lou's Beauty and Barber College,"Gary, IN",automatic
484349,Ross Medical Education Center-Evansville,"Evansville, IN",automatic
211635,Citizens School of Nursing,"Tarentum, PA",automatic
489283,The College of Health Care Professions-McAllen Campus,"McAllen, TX",automatic
246017,Central Technology Center,"Drumright, OK",automatic
476355,Miami Ad School-New York,"Astoria, NY",automatic
459116,Paul Mitchell the School-Phoenix,"Phoenix, AZ",automatic
461421,Paul Mitchell the School-St Louis,"St. Louis, MO",automatic
190503,Culinary Institute of America,"Hyde Park, NY",custom
384245,UEI College-Reseda,"Reseda, CA",automatic
418269,Ohio Media School-Cincinnati,"Norwood, OH",automatic
450395,Brown Aveda Institute-Strongsville,"Strongsville, OH",automatic
120838,Pacific States University,"Los Angeles, CA",automatic
143482,Cannella School of Hair Design-Chicago,"Chicago, IL",automatic
381370,Michigan College of Beauty-Troy,"Troy, MI",automatic
231688,Central School of Practical Nursing,"Norfolk, VA",automatic
381282,CET-Oxnard,"Oxnard, CA",automatic
385132,The Salon Professional Academy-Melbourne,"Melbourne, FL",automatic
458113,Ascent College,"Gainesville, VA",automatic
186052,Pennco Tech-Blackwood,"Blackwood, NJ",automatic
418889,North Central Institute,"Clarksville, TN",automatic
494436,Fortis Institute-Cookeville,"Cookeville, TN",automatic
487588,Concorde Career College-Southaven,"Southaven, MS",automatic
497046,Madera Community College,"Madera, CA",automatic
455406,Pacific Northwest University of Health Sciences,"Yakima, WA",custom
414461,Mech-Tech College,"Caguas, PR",automatic
486530,Gould's Academy,"Memphis, TN",automatic
460677,ICPR Junior College,"Manati, PR",automatic
243081,Ponce Health Sciences University,"Ponce, PR",custom
154448,Capri College-Davenport,"Davenport, IA",automatic
457943,Somerset County Technology Center,"Somerset, PA",custom
457299,Angeles College,"Los Angeles, CA",automatic
203438,Casal Aveda Institute,"Niles, OH",automatic
216454,Triangle Tech Inc-Dubois,"Falls Creek, PA",automatic
449861,Milwaukee Career College,"Milwaukee, WI",automatic
221607,Tennessee College of Applied Technology-McMinnville,"McMinnville, TN",automatic
468893,Paul Mitchell the School-New Orleans,"Metairie, LA",automatic
488387,Claremont Lincoln University,"Claremont, CA",automatic
437732,The Chicago School-College of Nursing,"Richardson, TX",automatic
490470,Massage Institute of Memphis,"Memphis, TN",automatic
367112,Miller-Motte College-McCann-Monroe,"Monroe, LA",automatic
490975,Fortis College-Cutler Bay,"Cutler Bay, FL",automatic
461023,National Paralegal College,"Phoenix, AZ",automatic
457439,Summit Salon Academy-Gainesville,"Gainesville, FL",automatic
407434,Orlo School of Hair Design and Cosmetology,"Albany, NY",automatic
455798,Oxford Academy of Hair Design Inc,"Seymour, CT",automatic
196583,Torah Temimah Talmudical Seminary,"Staten Island, NY",automatic
135559,Merryfield Academy,"Oakland Park, FL",automatic
112367,Clovis Adult Education,"Clovis, CA",automatic
233408,Riverside College of Health Careers,"Newport News, VA",automatic
460172,Miller-Motte College-STVT-San Antonio,"San Antonio, TX",automatic
460826,Miller-Motte College-Augusta,"Augusta, GA",automatic
461245,Flagler Technical College,"Palm Coast, FL",automatic
461315,Keweenaw Bay Ojibwa Community College,"Baraga, MI",automatic
497189,The Rapha School,"Home, PA",automatic
201131,Ashtabula County Technical and Career Campus,"Jefferson, OH",automatic
375984,Empire Beauty School-Center City Philadelphia,"Philadelphia, PA",automatic
469610,Allen School-Phoenix,"Phoenix, AZ",automatic
460145,Illinois Media School-Chicago Campus,"Chicago, IL",automatic
367361,Interactive College of Technology,"Houston, TX",automatic
192271,LIM College,"New York, NY",custom
451228,MyComputerCareer at Indianapolis,"Indianapolis, IN",automatic
456852,San Joaquin Valley College-Hesperia,"Hesperia, CA",custom
260992,Northwestern College,"Oak Lawn, IL",custom
177931,Lex La-Ray Technical Center,"Lexington, MO",automatic
219277,Oglala Lakota College,"Kyle, SD",automatic
489159,Kenneth Shuler School of Cosmetology-Goose Creek,"Goose Creek, SC",automatic
486150,Treasure Coast Technical College,"Vero Beach, FL",automatic
180160,Chief Dull Knife College,"Lame Deer, MT",automatic
158538,Cloyd's Beauty School 1 Inc,"West Monroe, LA",automatic
201034,Apollo Career Center,"Lima, OH",custom
485272,West Coast University-Miami,"Doral, FL",automatic
191959,Island Drafting and Technical Institute,"Amityville, NY",automatic
444051,Creative Images Institute of Cosmetology-South Dayton,"Dayton, OH",automatic
462053,State Career College,"Gurnee, IL",automatic
477039,West Coast University-Dallas,"Richardson, TX",automatic
441371,Ultimate Medical Academy,"Clearwater, FL",automatic
475714,American Medical Academy,"Miami, FL",automatic
422835,American College of Healthcare and Technology,"Riverside, CA",automatic
461847,Keser Torah-Mayan Hatalmud,"Lakewood, NJ",automatic
410797,Ohio Media School-Valley View,"Valley View, OH",automatic
444361,ATA College,"El Cajon, CA",automatic
212382,Empire Beauty School-Harrisburg,"Harrisburg, PA",automatic
495952,San Joaquin Valley College-Rancho Mirage,"Rancho Mirage, CA",automatic
165635,National Aviation Academy of New England,"Concord, MA",automatic
247773,Yeshiva Gedolah of Greater Detroit,"Oak Park, MI",automatic
478582,Empire Beauty School-Savannah,"Savannah, GA",automatic
460181,Concorde Career College-Dallas,"Dallas, TX",automatic
499185,Dorsey College-Grand Rapids,"Grand Rapids, MI",automatic
476878,Aesthetic Science Institute,"Latham, NY",automatic
260664,Diesel Driving Academy-Shreveport,"Shreveport, LA",automatic
490018,National Personal Training Institute-Tampa,"Tampa, FL",automatic
456153,MediaTech Institute-Houston,"Houston, TX",automatic
221102,Tennessee College of Applied Technology-Murfreesboro,"Murfreesboro, TN",automatic
220127,Tennessee College of Applied Technology-Elizabethton,"Elizabethton, TN",automatic
220491,Paul Mitchell the School-Murfreesboro,"Murfreesboro, TN",automatic
368771,Hypnosis Motivation Institute,"Tarzana, CA",automatic
480824,The College of Health Care Professions-Dallas,"Dallas, TX",automatic
457855,Paul Mitchell the School-NYC,"Staten Island, NY",automatic
460109,Ross Medical Education Center-Granger,"Granger, IN",automatic
383765,Empire Beauty School-Brooklyn,"Brooklyn, NY",automatic
493479,Medical Career College of Northern California,"Roseville, CA",automatic
133465,South University-West Palm Beach,"Royal Palm Beach, FL",custom
440730,Onondaga Cortland Madison BOCES,"Liverpool, NY",automatic
419217,HCA Florida Mercy Hospital School of Practical Nursing,"Miami, FL",automatic
493673,Professional University Dr. Carlos J. Borrero Rios,"Hato Rey, PR",automatic
188687,American Academy McAllister Institute of Funeral Service,"New York, NY",automatic
201496,Butler Technology and Career Development Schools,"Monroe, OH",automatic
231004,O'Briens Aveda Institute,"Williston, VT",automatic
183488,Eastwick College-Hackensack,"Hackensack, NJ",automatic
162335,Del-Mar-Va Beauty Academy,"Salisbury, MD",automatic
479062,MotoRing Technical Training Institute,"East Providence, RI",automatic
438258,Carrington College-Pleasant Hill Campus,"Pleasant Hill, CA",custom
488439,Kenny's Academy of Barbering,"Indianapolis, IN",automatic
489371,Spartan College of Aeronautics and Technology,"Riverside, CA",automatic
174978,Empire Beauty School-Bloomington,"Bloomington, MN",automatic
481438,Yeshiva Yesodei Hatorah,"Lakewood, NJ",automatic
454801,Career Development Institute Inc,"Los Angeles, CA",automatic
486239,San Ignacio University,"Doral, FL",automatic
489238,Boca Beauty Academy-Parkland,"Parkland, FL",automatic
485591,New Beginnings Beauty Academy,"Pine Bluff, AR",automatic
459514,Peloton College,"Dallas, TX",automatic
393649,UEI College-Gardena,"Gardena, CA",automatic
411684,Marian Health Careers Center-Los Angeles Campus,"Los Angeles, CA",automatic
488280,National Personal Training Institute,"Orlando, FL",automatic
442435,Interactive College of Technology-Gainesville,"Gainesville, GA",automatic
201159,Auburn Career Center,"Concord Twp, OH",automatic
367875,H W Brewster Technical College,"Tampa, FL",automatic
487977,Martinsburg College,"Martinsburg, WV",automatic
454856,Denver College of Nursing,"Denver, CO",custom
490391,American Beauty Schools,"Miami, FL",automatic
454953,University of Aesthetics & Cosmetology,"Chicago, IL",automatic
375568,Brown & Clermont Adult Career Campuses,"Bethel, OH",automatic
418515,Lenape Technical School Practical Nursing Program,"Ford City, PA",custom
454245,Chamberlain University-Arizona,"Phoenix, AZ",custom
363165,Metro Technology Centers,"Oklahoma City, OK",automatic
482990,Arizona College-Mesa,"Mesa, AZ",automatic
447263,Joyce University of Nursing and Health Sciences,"Draper, UT",automatic
488378,International Beauty Education Center,"Airway Heights, WA",automatic
418357,Wes Watkins Technology Center,"Wetumka, OK",automatic
446118,Career Care Institute,"Lancaster, CA",automatic
484394,Taylor Andrews Academy of Hair Design-Provo,"Provo, UT",automatic
475547,Paul Mitchell the School-Fort Myers,"Fort Myers, FL",automatic
221430,Tennessee College of Applied Technology-Crump,"Crump, TN",automatic
392354,"School of Professional Horticulture, New York Botanical Garden","Bronx, NY",automatic
129932,New England Tractor Trailer Training School of Connecticut,"Somers, CT",automatic
481146,Woodruff Medical and Wellness Training,"Tucker, GA",automatic
205090,Firelands Regional Medical Center School of Nursing,"Sandusky, OH",automatic
440776,Interactive College of Technology,"Pasadena, TX",automatic
427973,Aviation Institute of Maintenance-Norfolk,"Norfolk, VA",automatic
476896,Wade Gordon Hairdressing Academy,"Amarillo, TX",automatic
498030,Universal Technical Institute-South Florida Miramar,"Miramar, FL",automatic
377111,Remington College-Fort Worth Campus,"North Richland Hills, TX",automatic
490346,Elyon College,"Brooklyn, NY",automatic
498739,Lehigh Career & Technical Institute,"Schnecksville, PA",automatic
437769,Chester Career College,"CHESTER, VA",automatic
220640,Tennessee College of Applied Technology-Livingston,"Livingston, TN",automatic
495961,San Joaquin Valley College-Santa Maria,"Santa Maria, CA",automatic
486512,Florida International Training Institute,"Miami, FL",automatic
434830,Creative Images Institute of Cosmetology-North Dayton,"Dayton, OH",automatic
138488,Orange Technical College-East Campus,"Winter Park, FL",automatic
145099,"First Institute of Travel, Inc.","Crystal Lake, IL",automatic
460932,Skin Institute,"Saint Louis, MO",automatic
208479,Concorde Career College-Portland,"Portland, OR",custom
430184,Strayer University-Maryland,"Suitland, MD",automatic
240736,American Samoa Community College,"Pago Pago, AS",automatic
499413,Glendale Career College-North-West College-MFSON,"West Covina, CA",automatic
490416,J's Barber College,"New Iberia, LA",automatic
386472,Herzing University-Orlando,"Winter Park, FL",automatic
491251,The Culinary School of Fort Worth,"Fort Worth, TX",automatic
101365,Herzing University-Birmingham,"Birmingham, AL",automatic
186900,Talmudical Academy-New Jersey,"Adelphia, NJ",automatic
453792,Ohio Medical Career College,"Dayton, OH",automatic
188678,American Academy of Dramatic Arts-New York,"New York, NY",automatic
482547,DeVry University-Nevada,"Henderson, NV",custom
483841,Grace International Beauty School,"Flushing, NY",automatic
368832,Thanh Le College School of Cosmetology,"Garden Grove, CA",automatic
493585,Health and Technology Training Institute,"Philadelphia, PA",automatic
241720,Colegio Universitario de San Juan,"San Juan, PR",custom
491710,Yeshiva Gedolah of Cliffwood,"Keyport, NJ",automatic
484002,High Desert Medical College,"Lancaster, CA",automatic
157021,American National University-Pikeville,"Pikeville, KY",automatic
163408,Montgomery Beauty School,"Silver Spring, MD",automatic
409120,Franklin Technology Center Adult Education,"Joplin, MO",automatic
457378,Emerald Coast Technical College,"DeFuniak Springs, FL",automatic
461281,Jose Maria Vargas University,"Pembroke Pines, FL",automatic
160117,Pat Goins Benton Road Beauty School,"Shreveport, LA",custom
248606,Moore Norman Technology Center,"Norman, OK",automatic
128188,Intellitec College-Grand Junction,"Grand Junction, CO",automatic
369419,Erwin Technical College,"Tampa, FL",automatic
497736,American College of Healthcare and Technology-Santa Ana,"Santa Ana, CA",automatic
457837,The Salon Professional Academy-Tonawanda,"Tonawanda, NY",automatic
414939,Nevada Career Institute,"Las Vegas, NV",automatic
455707,Cardiac and Vascular Institute of Ultrasound,"Mobile, AL",automatic
235088,Divers Institute of Technology,"Seattle, WA",automatic
101116,South University-Montgomery,"Montgomery, AL",custom
447847,Aviator College of Aeronautical Science and Technology,"Fort Pierce, FL",automatic
244613,ETI School of Skilled Trades,"Willowbrook, IL",automatic
458098,The Salon Professional Academy-Lewisville,"Lewisville, TX",automatic
414489,Baldwin Beauty School-North Austin,"Austin, TX",automatic
484923,Dermal Science International Aesthetics and Nail Academy,"Reston, VA",automatic
407522,Pioneer Career and Technology Center,"Shelby, OH",automatic
206039,Tiffin Academy of Hair Design,"Tiffin, OH",automatic
446349,John D Rockefeller IV Career Center,"New Cumberland, WV",automatic
486123,Theatre of Arts,"Hollywood, CA",automatic
182892,Keene Beauty Academy,"Keene, NH",automatic
158325,Baton Rouge General Medical Center School of Nursing & School of Radiologic Technology,"Baton Rouge, LA",automatic
227322,Ogle School Hair Skin Nails-Ft Worth,"Fort Worth, TX",automatic
103501,Alaska Career College,"Anchorage, AK",automatic
475732,Chamberlain University-Georgia,"Sandy Springs, GA",custom
363679,Grabber School of Hair Design,"St. Louis, MO",automatic
449311,Brittany Beauty Academy,"Bronx, NY",automatic
186423,Capital Health School of Nursing,"Trenton, NJ",automatic
187745,Institute of American Indian and Alaska Native Culture and Arts Development,"Santa Fe, NM",automatic
159531,Louisiana Academy of Beauty,"Eunice, LA",automatic
445744,Fortis Institute-Port Saint Lucie,"Port Saint Lucie, FL",automatic
460543,Universal Technical Institute-Dallas Fort Worth,"Irving, TX",automatic
221281,Tennessee College of Applied Technology-Henry/Carroll,"Paris, TN",automatic
499662,Aviation Institute of Maintenance-Phoenix,"Phoenix, AZ",automatic
373526,Diesel Driving Academy-Baton Rouge,"Baton Rouge, LA",automatic
481085,Verve College,"Oak Brook, IL",automatic
439491,Blue Cliff College-Lafayette,"Lafayette, LA",automatic
200590,ETI Technical College,"Niles, OH",automatic
496715,CTK Healthcare & Career Institute,"Irving, TX",automatic
445948,Northwest Career College,"Las Vegas, NV",custom
498100,Galen Health Institutes-Myrtle Beach,"Myrtle Beach, SC",automatic
237473,James Rumsey Technical Institute,"Martinsburg, WV",automatic
495101,Zion Massage College,"St. George, UT",automatic
447892,North Florida Cosmetology Institute,"Tallahassee, FL",automatic
417628,Kirksville Area Technical Center,"Kirksville, MO",automatic
229416,Universal Technical Institute of Texas Inc.,"Houston, TX",automatic
455275,Aveda Institute-Columbus,"Columbus, OH",automatic
228644,The University of Texas Health Science Center at San Antonio,"San Antonio, TX",custom
212391,Empire Beauty School-Reading,"Reading, PA",automatic
455327,Hands on Therapy,"Mesquite, TX",automatic
460093,Ross Medical Education Center-Davison,"Davison, MI",automatic
454829,Aspen University,"Phoenix, AZ",automatic
367954,University of St. Augustine for Health Sciences,"San Marcos, CA",automatic
449533,Pensacola School of Massage Therapy & Health Careers,"Pensacola, FL",automatic
461175,International College of Cosmetology,"Oakland, CA",automatic
449968,Paul Mitchell the School-San Diego,"San Diego, CA",automatic
485360,The Vocational Nursing Institute Inc,"Houston, TX",automatic
212355,Empire Beauty School-Wyoming Valley,"Moosic, PA",automatic
383163,La Belle Beauty Academy,"Miami, FL",automatic
497213,Great Northern University,"Spokane, WA",automatic
476850,Boise Barber College,"Boise, ID",automatic
451167,Shear Excellence Hair Academy,"Tampa, FL",automatic
486813,Pima Medical Institute-El Paso,"El Paso, TX",automatic
457800,New York Medical Career Training Center,"Flushing, NY",automatic
377652,Valley College-Beckley,"Beckley, WV",automatic
491598,European Medical School of Massage,"Sinking Spring, PA",automatic
220464,John A Gupton College,"Nashville, TN",automatic
451291,Lakewood School of Therapeutic Massage,"Port Huron, MI",automatic
407470,Empire Beauty School-Cincinnati,"Cincinnati, OH",automatic
205142,Raphael's School of Beauty Culture Inc-Niles,"Niles, OH",automatic
491570,Institute of Medical Ultrasound,"Atlanta, GA",automatic
450951,Arizona Culinary Institute,"Scottsdale, AZ",automatic
237905,West Virginia University Hospital Departments of Rad Tech and Nutrition,"Morgantown, WV",automatic
440101,Empire Beauty School-Kennesaw,"Kennesaw, GA",automatic
481289,Xavier College School of Nursing,"Stockton, CA",automatic
150303,Tricoci University of Beauty Culture-Highland,"Highland, IN",automatic
482556,DeVry University-New Jersey,"Iselin, NJ",custom
481517,City Pointe Beauty Academy,"Webb City, MO",automatic
129002,Porter & Chester Institute of Hamden,"Hamden, CT",automatic
417646,Saline County Career Center,"Marshall, MO",automatic
453297,International Culinary Arts and Sciences Institute,"Chesterland, OH",automatic
491084,Unitech Training Academy-Baton Rouge,"Baton Rouge, LA",automatic
498377,Commercial Diving Technologies Institute,"Hudson, FL",automatic
455460,Fortis College-Dothan,"Dothan, AL",automatic
451042,Branford Academy of Hair and Cosmetology,"Branford, CT",automatic
487773,Butte County Regional Occupational Program,"Chico, CA",automatic
418524,Venango County Area Vocational Technical School,"Oil City, PA",automatic
215637,Walnut Hill College,"Philadelphia, PA",custom
494898,WellSpring School of Allied Health-Wichita,"Wichita, KS",automatic
467872,Paul Mitchell the School-Charleston,"North Charleston, SC",automatic
261676,Ross Medical Education Center-Brighton,"Brighton, MI",automatic
468848,UEI College-Oceanside,"Oceanside, CA",automatic
204893,Trinity Health System School of Nursing,"Steubenville, OH",automatic
490443,The Esthetic Institute,"Vienna, VA",automatic
439932,Shawnee Beauty College,"Shawnee, OK",automatic
481252,Ultrasound Medical Institute,"Royal Palm Beach, FL",automatic
221616,Tennessee College of Applied Technology-Jackson,"Jackson, TN",automatic
487807,Top of the Line Barber College,"Charleston, SC",automatic
483009,American College of Healthcare and Technology,"Huntington Park, CA",automatic
497745,Aviation Institute of Maintenance-Chicago,"Chicago, IL",automatic
369400,Universal Technical Institute-Auto Motorcycle & Marine Mechanics Institute Division-Orlando,"Orlando, FL",automatic
446525,SAE Institute of Technology-Nashville,"Nashville, TN",automatic
166498,Lowell Academy Hairstyling Institute,"Lowell, MA",automatic
454980,Tricoci University of Beauty Culture-Glendale Heights,"Glendale Heights, IL",automatic
224679,Western Technical College,"El Paso, TX",automatic
246415,UCAS University of Cosmetology Arts & Sciences-San Antonio 410,"San Antonio, TX",automatic
192785,Maria College of Albany,"Albany, NY",custom
237561,Monongalia County Technical Education Center,"Morgantown, WV",automatic
443979,PCI Academy-Plymouth,"Plymouth, MN",automatic
220321,Tennessee College of Applied Technology-Hohenwald,"Hohenwald, TN",automatic
494852,Stautzenberger College-Rockford Career College,"Rockford, IL",automatic
248703,Ogle School Hair Skin Nails-Hurst,"Hurst, TX",automatic
419253,Illinois Media School,"Chicago, IL",automatic
481386,California Career Institute,"Anaheim, CA",automatic
136659,Radford M Locklin Technical College,"Milton, FL",automatic
495183,Mariano Moreno Culinary Institute,"Miami, FL",automatic
458140,Northwest School of Wooden Boat Building,"Port Hadlock, WA",automatic
241766,Puerto Rico Conservatory of Music,"San Juan, PR",automatic
201803,Choffin Career  and Technical Center,"Youngstown, OH",automatic
481474,J D Academy of Salon and Spa,"Danville, CA",automatic
480879,Academy of Salon Professionals,"Sedalia, MO",automatic
224660,Western Technical College,"El Paso, TX",automatic
486707,Ross Medical Education Center-Huntsville,"Huntsville, AL",automatic
418409,York County School of Technology-Adult & Continuing Education,"York, PA",automatic
373784,All-State Career-Baltimore,"Baltimore, MD",automatic
247409,Ross Medical Education Center-Saginaw,"Saginaw, MI",automatic
431266,Henrico County-Saint Marys Hospital School of Practical Nursing,"Richmond, VA",automatic
447616,UEI College-West Covina,"West Covina, CA",automatic
449250,The College of Health Care Professions-San Antonio,"San Antonio, TX",automatic
494986,Apex College of Veterinary Technology,"Colorado Springs, CO",automatic
412544,Shear Ego International School of Hair Design,"Rochester, NY",automatic
498483,Galen Health Institutes-Pikeville,"Pikeville, KY",automatic
150765,J Michael Harrold Beauty Academy,"Terre Haute, IN",automatic
154332,La James International College-Davenport,"Davenport, IA",automatic
384236,UEI College-Ontario,"Ontario, CA",automatic
483708,Access Careers,"Hempstead, NY",automatic
444787,Nightingale College,"Salt Lake City, UT",automatic
449986,Paul Mitchell the School-Sherman Oaks,"Sherman Oaks, CA",automatic
482963,American Institute-Toms River,"Toms River, NJ",automatic
497675,Hair Academy,"Chillicothe, OH",automatic
433040,Monty Tech,"Fitchburg, MA",automatic
185970,P B Cosmetology Education Center,"Gloucester, NJ",automatic
148955,National Latino Education Institute,"Chicago, IL",automatic
447050,United States University,"San Diego, CA",automatic
390905,Polaris Career Center,"Middleburg Heights, OH",custom
418065,Eastern Suffolk BOCES,"Sayville, NY",custom
496052,Ruben's Five Star Academy,"Lake Wales, FL",automatic
456214,Lamson Institute,"San Antonio, TX",automatic
407683,UCAS University of Cosmetology Arts & Sciences-Harlingen,"Harlingen, TX",automatic
132976,Charlotte Technical College,"Port Charlotte, FL",automatic
487791,Arclabs,"Piedmont, SC",automatic
441487,Texas County Technical College,"Houston, MO",automatic
444945,Unitech Training Academy-Lafayette,"Lafayette, LA",automatic
155353,Old Town Barber College-Wichita,"Wichita, KS",automatic
146700,Lincoln College of Technology-Melrose Park,"Melrose Park, IL",automatic
153427,Orion Technical College,"Davenport, IA",automatic
134574,Cortiva Institute,"St. Petersburg, FL",automatic
481313,Kaizen Beauty Academy,"Pembroke Pines, FL",automatic
377449,Centura College-Newport News,"Newport News, VA",automatic
460987,The Salon Professional Academy,"Sherwood, AR",automatic
161208,The Landing School,"Arundel, ME",automatic
375373,Knox County Career Center,"Mount Vernon, OH",automatic
419226,Marion Technical College,"Ocala, FL",custom
441788,Aviation Institute of Maintenance-Dallas,"Irving, TX",automatic
480471,UEI College-Stockton,"Stockton, CA",automatic
165608,Diman Regional Technical Institute,"Fall River, MA",automatic
489812,Pima Medical Institute-Dillon,"Dillon, MT",automatic
495059,Oak Valley College,"Rialto, CA",automatic
493080,Institute of Culinary Education,"Pasadena, CA",automatic
103893,Carrington College-Phoenix North,"Phoenix, AZ",custom
389860,Mid-EastCTC-Adult Education,"Zanesville, OH",automatic
451194,Carlson College of Massage Therapy,"Anamosa, IA",automatic
213589,Lincoln Technical Institute-Philadelphia,"Philadelphia, PA",custom
159601,Opelousas School of Cosmetology,"Opelousas, LA",automatic
490744,Northern Technical College,"Pine Bluff, AR",automatic
442383,West Virginia Junior College-Bridgeport,"Bridgeport, WV",custom
197531,Word of Life Bible Institute,"Pottersville, NY",automatic
459985,Southern Careers Institute-Harlingen,"Harlingen, TX",automatic
439455,MDT College of Health Sciences,"Chicago, IL",automatic
491978,Another Level Barbering and Cosmetology School,"Petersburg, VA",automatic
434140,Pima Medical Institute-Chula Vista,"Chula Vista, CA",automatic
190956,Belanger School of Nursing,"Schenectady, NY",automatic
447777,Asher College,"Sacramento, CA",automatic
443696,Interactive College of Technology,"Houston, TX",automatic
458034,Houston International College Cardiotech Ultrasound School,"Houston, TX",automatic
451307,The Salon Professional Academy-Battle Creek,"Battle Creek, MI",automatic
123350,Sierra College of Beauty,"Merced, CA",automatic
425986,Mildred Elley-Pittsfield Campus,"Pittsfield, MA",automatic
133155,Lorenzo Walker Technical College,"Naples, FL",automatic
365693,Capitol Beauty School,"Omaha, NE",automatic
476595,Medical Allied Career Center,"Santa Fe Springs, CA",automatic
440855,Milan Institute-Amarillo,"Amarillo, TX",automatic
244279,Meridian College,"Sarasota, FL",automatic
491613,Yeshiva Gedolah Tiferes Boruch,"North Plainfield, NJ",automatic
120078,North-West College-West Covina,"West Covina, CA",automatic
475060,Miller-Motte College-Macon,"Macon, GA",automatic
366340,Stone Child College,"Box Elder, MT",automatic
449807,Southeast Texas Career Institute,"Silsbee, TX",automatic
180212,Fort Peck Community College,"Poplar, MT",automatic
437778,Milan Institute-San Antonio Ingram,"San Antonio, TX",automatic
128179,Intellitec College-Colorado Springs,"Colorado Springs, CO",automatic
434937,Yeshiva College of the Nations Capital,"Silver  Spring, MD",automatic
220279,Tennessee College of Applied Technology-Hartsville,"Hartsville, TN",automatic
157650,Empire Beauty School-Elizabethtown,"Elizabethtown, KY",automatic
456506,Ross Medical Education Center-Fort Wayne,"Fort Wayne, IN",automatic
460978,Ogle School Hair Skin Nails-North Dallas,"Dallas, TX",automatic
418083,Rockland County BOCES-Practical Nursing Program,"West Nyack, NY",custom
223852,Charles and Sues School of Hair Design,"Bryan, TX",automatic
496991,Galen Health Institutes-Miami Campus,"Pembroke Pines, FL",automatic
483328,Paul Mitchell the School-Lombard,"Lombard, IL",automatic
449898,South University-Tampa,"Tampa, FL",custom
476902,Mitsu Sato Hair Academy,"Overland Park, KS",automatic
487904,Kentucky Horseshoeing School,"Richmond, KY",automatic
421841,New York Conservatory for Dramatic Arts,"New York, NY",automatic
168032,Rob Roy Academy-Taunton,"Taunton, MA",automatic
145406,G Skin & Beauty Institute,"Schaumburg, IL",automatic
215390,Pittsburgh Institute of Mortuary Science Inc,"Pittsburgh, PA",automatic
188216,Southwestern Indian Polytechnic Institute,"Albuquerque, NM",custom
229522,Victoria Beauty & Barber College,"Victoria, TX",automatic
499547,Austin Medical Assistant Training,"Forest Hills, NY",automatic
242583,Instituto Tecnologico de Puerto Rico-Recinto de San Juan,"San Juan, PR",automatic
190707,CVPH Medical Center School of Radiologic Technology,"Plattsburgh, NY",automatic
483887,Mind Body Institute,"Madison, TN",automatic
392257,The College of Health Care Professions-Northwest,"Houston, TX",automatic
374592,MCVSD,"Freehold, NJ",automatic
179991,Academy of Cosmetology Inc,"Bozeman, MT",automatic
498085,Galen Health Institutes-Gainesville,"Gainesville, FL",automatic
476753,Aveda Institute-Tucson,"Tucson, AZ",automatic
484950,Northwest College-Medford,"Medford, OR",automatic
487746,Yeshiva Zichron Aryeh,"Far Rockaway, NY",automatic
194718,Rabbinical Seminary Mkor Chaim,"Lakewood, NJ",automatic
430564,Studio Jewelers,"New York, NY",automatic
496618,National Institute for Medical Assistant Advancement (NIMAA),"Denver, CO",automatic
207087,Formations Institute,"Enid, OK",automatic
412599,Remington College-Memphis Campus,"Memphis, TN",automatic
485379,Hollywood Institute of Beauty Careers-West Palm Beach,"West Palm Beach, FL",automatic
494588,Pima Medical Institute-San Antonio,"San Antonio, TX",automatic
457642,Marketti Academy of Cosmetology,"Waterford, MI",automatic
481049,Carthage R9 School District-Carthage Technical Center,"Carthage, MO",automatic
490896,Advantage Career Institute,"Eatontown, NJ",automatic
449463,Academy Di Capelli-School of Cosmetology,"Wallingford, CT",automatic
491756,Urban Barber College,"Concord, CA",automatic
447759,National Polytechnic College,"Lakewood, CA",custom
444325,ATI College-Whittier,"Whitter, CA",automatic
384421,Rabbi Jacob Joseph School,"Edison, NJ",automatic
451477,MyComputerCareer at Columbus,"Columbus, OH",automatic
149550,University of Spa & Cosmetology Arts,"Springfield, IL",automatic
246035,Carrington College-Portland,"Portland, OR",custom
175698,Fosters Cosmetology College,"Ripley, MS",automatic
481429,Universal Training Institute,"Perth Amboy, NJ",automatic
421717,Vanguard-Sentinel Adult Career and Technology Center,"Fremont, OH",automatic
458104,Renaissance Academie,"Provo, UT",automatic
171775,Port Huron Cosmetology College,"Waterford, MI",automatic
486822,Pima Medical Institute-Phoenix,"Phoenix, AZ",automatic
180957,College of Hair Design-Downtown,"Lincoln, NE",automatic
365833,Ross Medical Education Center-Kentwood,"Kentwood, MI",automatic
184746,Hohokus School of Trade and Technical Sciences,"Paterson, NJ",automatic
468909,UEI College-Garden Grove,"Garden Grove, CA",automatic
445212,Paul Mitchell the School-Orlando,"Oviedo, FL",automatic
487302,Fortis College-Cuyahoga Falls,"Cuyahoga Falls, OH",automatic
365763,Morris County Vocational School District,"Denville, NJ",automatic
481483,Boca Beauty Academy,"Boca Raton, FL",automatic
448433,Universal Technical Institute of Northern California Inc,"Sacramento, CA",automatic
459213,Gurnick Academy of Medical Arts,"San Mateo, CA",automatic
462336,International College of Beauty Arts & Sciences,"Los Angeles, CA",automatic
143376,Paul Mitchell The School Tinley Park,"Tinley Park, IL",automatic
408862,Georgia Institute of Cosmetology,"Athens, GA",automatic
441742,Concorde Career College-Grand Prairie,"Grand Prairie, TX",custom
243115,University of Puerto Rico-Arecibo,"Arecibo, PR",custom
365240,Greene County Career Center,"Xenia, OH",custom
440271,Remington College-Baton Rouge Campus,"Baton Rouge, LA",automatic
201681,Central School of Practical Nursing,"Independence, OH",automatic
452948,Galen College of Nursing-Cincinnati,"Cincinnati, OH",custom
499282,Galen Health Institutes-Roanoke,"Roanoke, VA",automatic
494463,Derech Hachaim Seminary,"Monroe, NY",automatic
480550,Ross Medical Education Center-Bowling Green,"Bowling Green, KY",automatic
375966,Eastern Center for Arts and Technology,"Willow Grove, PA",automatic
418481,Mifflin County Academy of Science and Technology,"Lewistown, PA",automatic
212975,Commonwealth Technical Institute,"Johnstown, PA",automatic
487676,The Temple Annapolis-A Paul Mitchell Partner School,"Annapolis, MD",automatic
455354,Aveda Arts & Sciences Institute-San Antonio,"San Antonio, TX",automatic
481410,Yeshiva Gedolah Kesser Torah,"Monsey, NY",automatic
422020,San Joaquin Valley College-Trades Education Center,"Fresno, CA",automatic
447810,Blake Austin College,"Vacaville, CA",automatic
419633,Texas College of Cosmetology-San Angelo,"San Angelo, TX",automatic
117803,Los Angeles County College of Nursing and Allied Health,"Los Angeles, CA",custom
417910,Veeb Nassau County School of Practical Nursing,"Hicksville, NY",automatic
489353,Chamberlain University-California,"Rancho Cordova, CA",automatic
164599,Bancroft School of Massage Therapy,"Worcester, MA",custom
364575,Roane-Jackson Technical Center,"Leroy, WV",automatic
486345,HVAC Technical Institute,"Chicago, IL",automatic
218159,Kenneth Shuler School of Cosmetology-North Augusta,"North Augusta, SC",automatic
225991,KD Conservatory College of Film and Dramatic Arts,"Dallas, TX",automatic
419183,Central California School of Continuing Education,"San Luis Obispo, CA",automatic
485519,Lionel University,"Carpinteria, CA",custom
201539,Canton City Schools Adult Career and Technical Education,"Canton, OH",automatic
486406,Randolph Technical Center,"Elkins, WV",automatic
135407,Manatee Technical College,"Bradenton, FL",automatic
434344,Toni & Guy Hairdressing Academy-Worcester,"Worcester, MA",automatic
497949,United Education Institute-Stone Mountain,"Stone Mountain, GA",automatic
238005,International Beauty School 4,"Martinsburg, WV",automatic
482185,Academy of Interactive Entertainment,"Seattle, WA",automatic
169655,MIAT College of Technology,"Canton, MI",automatic
382957,Fortis College-Richmond,"Richmond, VA",automatic
169576,Detroit Business Institute-Downriver,"Riverview, MI",automatic
230676,Uintah Basin Technical College,"Roosevelt, UT",automatic
479965,Medical Career Institute,"Ocean, NJ",automatic
460118,Ross Medical Education Center-Niles,"Niles, OH",automatic
444529,Stellar Career College,"Modesto, CA",automatic
153074,Capri College-Dubuque,"Dubuque, IA",automatic
451352,Southeastern College-Charlotte,"Charlotte, NC",automatic
167871,Southeastern Technical Institute,"South Easton, MA",automatic
232016,Centura College-Virginia Beach,"Virginia Beach, VA",automatic
498012,Commonwealth of Puerto Rico Department of Education-PRAMI,"Fajardo, PR",automatic
181190,Joseph's College Cosmetology,"Lincoln, NE",automatic
414124,Motoring Technical Training Institute,"Seekonk, MA",automatic
159197,ITI Technical College,"Baton Rouge, LA",automatic
207962,Tulsa Welding School-Tulsa,"Tulsa, OK",automatic
417831,Union County Vocational Technical School,"Scotch Plains, NJ",automatic
493646,Ohel Margulia Seminary,"Monsey, NY",automatic
134307,George T Baker Aviation Technical College,"Miami, FL",automatic
457536,Midwestern Career College,"Chicago, IL",automatic
130174,Porter & Chester Institute,"Bridgeport, CT",automatic
457208,InterCoast Colleges-Rancho Cordova,"Rancho Cordova, CA",automatic
120087,North-West College-Van Nuys,"Van Nuys, CA",automatic
202888,Gerbers Akron Beauty School,"Akron, OH",automatic
443261,Southeastern College-Charleston,"North Charleston, SC",automatic
191728,Hunter Business School,"Levittown, NY",automatic
491233,Unlimited Cosmetology School,"Hattiesburg, MS",automatic
461573,American Trade School,"Saint Ann, MO",automatic
204158,Miami Valley Career Technology Center,"Englewood, OH",automatic
457606,My Le's Beauty College,"Gretna, LA",automatic
452072,Ross Medical Education Center-New Baltimore,"New Baltimore, MI",automatic
445647,Spa Tech Institute-Westboro,"Westborough, MA",automatic
109721,Associated Technical College-Los Angeles,"Los Angeles, CA",automatic
451334,Academy of Hair Design-Springfield,"Springfield, MO",automatic
165060,Signature Healthcare Brockton Hospital School of Nursing,"Brockton, MA",custom
484376,North-West College-Long Beach,"Long Beach, CA",automatic
216074,South Hills Beauty Academy,"Pittsburgh, PA",automatic
488554,Burrell College of Osteopathic Medicine,"Las Cruces, NM",automatic
260336,Clinton Technical School,"Clinton, MO",automatic
485500,ABCO Technology,"Inglewood, CA",automatic
439738,Fortis College-Baton Rouge,"Baton Rouge, LA",automatic
423120,Compu-Med Vocational Careers Corp,"Hialeah, FL",automatic
440004,Upper Valley Educators Institute,"Lebanon, NH",automatic
441593,Orleans Niagara BOCES-Practical Nursing Program,"Lockport, NY",automatic
461379,Holistic Massage Training Institute,"Baltimore, MD",automatic
131061,Schilling-Douglas School of Hair Design,"Newark, DE",automatic
448220,Paul Mitchell the School-Logan,"Logan, UT",automatic
447722,Palladium Technical Academy Inc,"Temple City, CA",automatic
459301,Paul Mitchell the School-Delaware,"Newark, DE",automatic
238096,Wood County Technical Center-Practical Nursing,"Parkersburg, WV",automatic
428000,Miami Ad School,"Miami, FL",automatic
494357,UEI College-Sacramento,"Sacramento, CA",automatic
238810,The Professional Hair Design Academy,"Eau Claire, WI",automatic
142489,Nathan Layne Institute of Cosmetology,"Chubbuck, ID",automatic
189477,American Beauty School,"Bronx, NY",automatic
442657,Milan Institute-Palm Desert,"Palm Desert, CA",automatic
446127,ATA Career Education,"Spring Hill, FL",automatic
233329,Fortis College-Norfolk,"Norfolk, VA",automatic
481207,Institute of Health Sciences,"Hunt Valley, MD",automatic
441672,Susquehanna County Career and Technology Center,"Springville, PA",automatic
466930,Chamberlain University-Texas,"Houston, TX",custom
214476,Heritage Valley Health System School of Nursing,"McKees Rocks, PA",automatic
480967,College of the Muscogee Nation,"Okmulgee, OK",automatic
134228,Fort Pierce Beauty Academy,"Fort Pierce, FL",automatic
481906,Ross Medical Education Center-Charleston,"Charleston, WV",automatic
219374,Sinte Gleska University,"Mission, SD",automatic
483814,Standard Healthcare Services-College of Nursing,"Falls Church, VA",automatic
491783,Wilton Simpson Technical College,"Brooksville, FL",automatic
147396,Morrison Institute of Technology,"Morrison, IL",automatic
438179,Brookline College-Tucson,"Tucson, AZ",automatic
457819,Institute of Culinary Education,"New York, NY",custom
437936,Carrington College-San Jose,"San Jose, CA",custom
459958,Fortis Institute,"Houston, TX",automatic
452009,The Hair Academy,"Bismarck, ND",automatic
456065,Paul Mitchell the School-Cleveland,"Twinsburg, OH",automatic
380359,Bay Mills Community College,"Brimley, MI",automatic
368629,Pima Medical Institute-Seattle,"Seattle, WA",automatic
479983,Elevate Salon Institute-Westminster,"Westminster, CO",custom
411754,Cleveland Clinic Health System-School of Diagnostic Imaging,"Euclid, OH",automatic
491260,Centralia Beauty College,"Centralia, WA",automatic
481465,Healthcare Training Institute,"Kenner, LA",automatic
160199,Pineville Beauty School,"Pineville, LA",automatic
203146,Hobart Institute of Welding Technology,"Troy, OH",custom
444556,Auguste Escoffier School of Culinary Arts-Austin,"Austin, TX",automatic
366535,Remington College-Mobile Campus,"Mobile, AL",automatic
129349,Paul Mitchell the School-North Haven,"North Haven, CT",automatic
497417,Kino College,"Tucson, AZ",automatic
490735,Peloton College,"Arlington, TX",automatic
445762,Aviation Institute of Maintenance-Manassas,"Manassas, VA",automatic
458441,Miller-Motte College-Columbus,"Columbus, GA",automatic
496919,United Education Institute-Las Vegas,"Las Vegas, NV",automatic
434751,White Earth Tribal and Community College,"Mahnomen, MN",custom
490115,Nashville Film Institute,"Nashville, TN",automatic
475556,Paul Mitchell the School-Raleigh,"Raleigh, NC",automatic
113449,International School of Beauty Inc,"Palm Desert, CA",automatic
486798,Tulsa Welding School-Houston,"Houston, TX",automatic
488129,Textures Institute of Cosmetology,"Indianapolis, IN",automatic
496733,Sierra Academy of Style,"Carson City, NV",automatic
172495,Twin City Beauty College,"Saint Joseph, MI",automatic
205887,Stautzenberger College-Maumee,"Maumee, OH",automatic
487348,Aveda Institute Portland-Vancouver Campus,"Vancouver, WA",automatic
457527,Ambria College of Nursing,"Hoffman Estates, IL",automatic
115931,Institute for Business and Technology,"Santa Clara, CA",automatic
213570,Lincoln Technical Institute-Allentown,"Allentown, PA",custom
488262,Hair Academy School of Barbering & Beauty,"Newark, DE",automatic
442879,Southwest Institute of Healing Arts,"Tempe, AZ",automatic
483948,Bos-Man's Barber College,"Shreveport, LA",automatic
366571,Mercy-St Luke's School of Radiologic Technology,"Cedar Rapids, IA",automatic
491686,International Barber College,"Chandler, AZ",automatic
373456,Blalock's Professional Beauty College,"Shreveport, LA",automatic
461412,Northern Virginia School of Therapeutic Massage,"Falls Church, VA",automatic
192484,Long Island Beauty School-Hempstead,"Hempstead, NY",automatic
460862,Aveda Institute-Portland,"Portland, OR",automatic
445230,Pima Medical Institute-Las Vegas,"Las Vegas, NV",automatic
439570,Community Care College,"Tulsa, OK",automatic
138497,Withlacoochee Technical College,"Inverness, FL",custom
458122,Institute of Advanced Medical Esthetics,"Ashland, VA",automatic
496636,Antigua College International,"Miami Lakes, FL",automatic
431275,Herkimer County BOCES-Practical Nursing Program,"Herkimer, NY",automatic
405012,Ohio State School of Cosmetology-Heath,"Heath, OH",automatic
121859,Salon Success Academy-Upland,"Upland, CA",automatic
136765,Ridge Technical College,"Winter Haven, FL",automatic
175722,Academy of Hair Design-Grenada,"Grenada, MS",automatic
136826,Robert Morgan Educational Center and Technical College,"Miami, FL",automatic
457916,Summit Salon Academy-Perrysburg,"Perrysburg, OH",automatic
210748,Altoona Beauty School Inc,"Altoona, PA",automatic
491950,Contra Costa Medical Career College,"Antioch, CA",automatic
209667,Phagans Beauty College,"Corvallis, OR",automatic
452373,ATA College-Cincinnati,"Cincinnati, OH",automatic
419244,Atlanta Institute of Music and Media,"Duluth, GA",automatic
129923,Lincoln Technical Institute-New Britain,"New Britain, CT",custom
427894,CET-Alexandria,"Alexandria, VA",automatic
460835,Miller-Motte College-Conway,"Conway, SC",automatic
417327,City College-Altamonte Springs,"Altamonte Springs, FL",automatic
485962,VH Barber & Styling Academy,"Bossier City, LA",automatic
461537,Evolve Beauty Academy,"Washing, MO",automatic
419031,United Technical Center,"Clarksburg, WV",automatic
455202,American Institute of Medical Sciences & Education,"Piscataway, NJ",automatic
366270,Delta College of Arts & Technology,"Baton Rouge, LA",automatic
451370,Yeshivas Be'er Yitzchok,"Elizabeth, NJ",automatic
145239,Fox College,"Tinley Park, IL",automatic
180647,Salish Kootenai College,"Pablo, MT",custom
499680,Stellar Career College-Crown Point,"Crown Point, IN",automatic
226860,William Edge Institute,"New Braunfels, TX",automatic
498793,All In The Wrist Barber Academy,"Smyrna, DE",automatic
478616,Empire Beauty School-West Greensboro,"Greensboro, NC",automatic
237437,Huntington Junior College,"Huntington, WV",automatic
488138,Williams Technical College,"Houma, LA",automatic
488174,Ea La Mar's Cosmetology & Barber College,"Kansas City, MO",automatic
376224,CEM College-Humacao,"Humacao, PR",automatic
490197,Regan Career Institute,"El Monte, CA",automatic
499103,Homestead Schools-Costa Mesa,"Costa Mesa, CA",automatic
195784,St Paul's School of Nursing-Staten Island,"Staten Island, NY",automatic
499291,Galen Health Institutes-Wichita,"Wichita, KS",automatic
482176,Paul Mitchell the School-Denver,"Lakewood, CO",automatic
430227,Empire Beauty School-Monroeville,"Monroeville, PA",automatic
227313,Ogle School Hair Skin Nails-Arlington,"Arlington, TX",automatic
491677,Lehigh Valley Barber School,"Bethlehem, PA",automatic
483726,Luckes Beauty Academy LLC,"Newport  News, VA",automatic
391759,Sharp's Academy of Hairstyling,"Grand Blanc, MI",automatic
450632,Lexington Healing Arts Academy,"Lexington, KY",automatic
447023,Delta Technical College-Mississippi,"Horn Lake, MS",automatic
486381,Center for Ultrasound Research & Education,"White Plains, NY",automatic
363147,Raphael's School of Beauty Culture Inc-Alliance,"Alliance, OH",automatic
369783,PCI Health Training Center,"Dallas, TX",automatic
470047,WellSpring School of Allied Health-Lawrence,"Lawrence, KS",automatic
377272,Nuvani Institute,"San Antonio, TX",automatic
425250,Gwinnett College-Sandy Springs,"Sandy Springs, GA",automatic
211802,DLP Conemaugh Memorial Medical Center,"Johnstown, PA",automatic
495998,San Joaquin Valley College-Porterville,"Porterville, CA",automatic
149310,Taylor Business Institute,"Chicago, IL",automatic
237303,Charleston School of Beauty Culture,"Charleston, WV",automatic
121433,Professional Institute of Beauty,"El Monte, CA",automatic
491729,Goshen School of Cosmetology,"Cleveland, MS",automatic
483337,Paul Mitchell the School-Greenville,"Greenville, SC",automatic
215479,Joseph F McCloskey School of Nursing,"Pottsville, PA",automatic
484206,The Salon Professional Academy-San Jose,"San Jose, CA",automatic
475431,ASI Career Institute,"Turnersville, NJ",automatic
451918,TC Beauty,"Johnson City, TN",automatic
497374,Academia Medical Institute,"Columbus, OH",automatic
418913,Pipo Academy of Hair Design,"El Paso, TX",automatic
153782,La James International College-Ft Dodge,"Fort Dodge, IA",custom
237145,B M Spurr School of Practical Nursing,"Glen Dale, WV",automatic
443021,Dallas Barber & Stylist College,"Dallas, TX",automatic
490434,Apex Academy Hair Skin Nails School of Cosmetology,"Ontario, OH",automatic
441496,Aviation Institute of Maintenance-Kansas City,"Kansas City, MO",automatic
153773,La James College of Hairstyling and Cosmetology,"Mason City, IA",automatic
243212,University of Puerto Rico at Ponce,"Ponce, PR",automatic
181419,Nebraska Indian Community College,"Macy, NE",automatic
213534,Miller-Motte College-Berks Technical Institute,"Wyomissing, PA",automatic
225043,Graham's Barber College,"DALLAS, TX",automatic
176433,Vaughn Beauty College,"Aberdeen, MS",automatic
423412,Mid Cities Barber College,"Grand Prairie, TX",automatic
486017,Yeshiva Ohr Yisrael,"Brooklyn, NY",automatic
124706,Concorde Career College-San Bernardino,"San Bernardino, CA",custom
227058,Tint School of Makeup & Cosmetology,"Irving, TX",automatic
483799,East-West Healing Arts Institute,"Madison, WI",automatic
493451,WellSpring School of Allied Health-Springfield,"Springfield, MO",automatic
208637,East West College of the Healing Arts,"Portland, OR",automatic
457493,Paul Mitchell the School-Twin Falls,"TWIN FALLS, ID",automatic
140003,Gwinnett College-Lilburn,"Lilburn, GA",automatic
455211,Casal Institute of Nevada,"Las Vegas, NV",automatic
455983,Columbia College,"Vienna, VA",automatic
434283,Pathway Vocational Academy,"Beaumont, TX",automatic
133845,Concorde Career Institute-Jacksonville,"Jacksonville, FL",custom
451857,Remington College-Houston Southeast Campus,"League City, TX",automatic
482255,Aviation Institute of Maintenance-Las Vegas,"Las Vegas, NV",automatic
481890,Ross Medical Education Center-Erlanger,"Erlanger, KY",automatic
441575,Metropolitan Learning Institute,"Rego Park, NY",automatic
125310,Waynes College of Beauty,"Salinas, CA",automatic
193609,Neighborhood Playhouse School of the Theater,"New York City, NY",custom
496751,Institute of Allied Healthcare,"San Antonio, TX",automatic
497286,Universal Technical Institute-West Texas,"Austin, TX",automatic
203289,International College of Broadcasting,"Dayton, OH",automatic
497222,Salon Professional Academy-Elevate Salon Institute,"Miami Beach, FL",automatic
153746,La James International College-Cedar Falls,"Cedar Falls, IA",automatic
486770,Cortiva Institute-Arlington,"Arlington, TX",automatic
455071,Healing Arts Center,"St. Louis, MO",custom
417983,Cattaraugus Allegany BOCES-Practical Nursing Program,"Olean, NY",automatic
490267,Master's Barber & Styling College,"Old Hickory, TN",automatic
155283,Concorde Career College-Kansas City,"Kansas City, MO",custom
492360,The Salon Professional Academy-Delray Beach,"Delray Beach, FL",automatic
444510,CES College,"Burbank, CA",automatic
418427,Chester County Intermediate Unit,"Downingtown, PA",automatic
439774,New Concept Massage and Beauty School,"Miami, FL",automatic
106041,Universal Technical Institute of Arizona Inc,"Avondale, AZ",automatic
439844,Omega Institute of Cosmetology,"Houma, LA",automatic
111054,California Hair Design Academy,"La Mesa, CA",automatic
485874,Salon Boutique Academy,"Addison, TX",automatic
442073,Lincoln Technical Institute-Paramus,"Paramus, NJ",custom
445799,Universal Technical Institute of Pennsylvania Inc,"Exton, PA",automatic
189404,Brittany Beauty Academy,"Brooklyn, NY",automatic
430582,Praxis Institute,"Miami, FL",automatic
248192,Allure Beauty College,"Whitesburg, KY",automatic
490124,Los Angeles Academy of Figurative Art,"Van Nuys, CA",automatic
496186,California Institute of Arts & Technology-National City,"National City, CA",automatic
487533,Tricoci University of Beauty Culture-Elgin,"Elgin, IL",automatic
437750,Professional Golfers Career College,"Temecula, CA",automatic
436650,Medical Training College,"Baton Rouge, LA",automatic
459277,Aveda Institute-Denver,"Denver, CO",automatic
476498,Futura Career Institute,"Hialeah, FL",automatic
475723,Tooele Technical College,"Tooele, UT",automatic
483896,Parisian Spa Institute,"Jacksonville, FL",automatic
460206,Concorde Career College-San Antonio,"San Antonio, TX",automatic
461713,Pure Aesthetics Natural Skincare School,"Tucson, AZ",custom
434308,Cortiva Institute,"Linthicum, MD",automatic
165255,Catherine Hinds Institute of Esthetics,"Woburn, MA",automatic
490319,Yeshiva Bais Aharon,"Lakewood, NJ",automatic
213932,Roxborough Memorial Hospital School of Nursing,"Philadelphia, PA",automatic
247065,Beckfield College-Florence,"Florence, KY",automatic
178183,Midwest Institute,"Earth City, MO",automatic
458061,Texas Beauty College,"Haltom city, TX",automatic
483106,Innovate Salon Academy,"South Plainfield, NJ",automatic
226277,Lincoln College of Technology-Grand Prairie,"Grand Prairie, TX",automatic
364636,Portage Lakes Career Center,"Uniontown, OH",automatic
154457,Iowa School of Beauty-Sioux City,"Sioux City, IA",automatic
437237,IYRS School of Technology & Trades,"Newport, RI",automatic
203234,Ross Medical Education Center-Cincinnati,"Cincinnati, OH",automatic
476735,Alexander Academy,"Lunenburg, MA",automatic
494232,The Salon Professional Academy-Washington DC,"Washington, DC",automatic
449782,Champion Beauty College,"Houston, TX",automatic
221625,Tennessee College of Applied Technology-Knoxville,"Knoxville, TN",automatic
217323,New England Tractor Trailer Training School of Rhode Island,"Pawtucket, RI",automatic
482291,UEI College-Bakersfield,"Bakersfield, CA",automatic
447917,Augusta School of Massage,"Evans, GA",automatic
493743,Houston Barber School,"Houston, TX",automatic
461892,Abcott Institute,"Southfield, MI",automatic
121868,Salon Success Academy-Corona,"Corona, CA",automatic
451714,Paul Mitchell the School-San Antonio,"San Antonio, TX",automatic
417886,Jefferson Lewis BOCES-Practical Nursing Program,"Watertown, NY",automatic
436599,FINE Mortuary College,"Norwood, MA",custom
124937,Concorde Career College-North Hollywood,"North Hollywood, CA",custom
461856,Southern California Health Institute,"North Hollywood, CA",automatic
484066,MedQuest College,"Louisville, KY",automatic
445364,North-West College-Riverside,"Riverside, CA",automatic
486752,Ross Medical Education Center-Muncie,"Muncie, IN",automatic
202152,Columbiana County Career and Technical Center,"Lisbon, OH",automatic
171997,Ross Medical Education Center-Warren,"Warren, MI",automatic
498003,Montgomery Beauty School-Baltimore Beauty & Barber School,"Baltimore, MD",automatic
490692,Cincinnati School of Barbering & Hair Design,"Cincinnati, OH",automatic
447731,Los Angeles College of Aesthetics,"Los Angeles, CA",automatic
449773,CCI Training Center-Arlington,"Arlington, TX",automatic
262457,San Joaquin Valley College-Fresno,"Fresno, CA",custom
208044,Formations Institute of Cosmetology & Barbering,"Woodward, OK",automatic
375939,YTI Career Institute-Altoona,"Altoona, PA",automatic
451316,Trend Setters School,"Cape Girardeau, MO",automatic
457794,EDP School,"Brooklyn, NY",automatic
216773,Western Pennsylvania Hospital School of Nursing,"Pittsburgh, PA",automatic
153542,UnityPoint Health-Des Moines School of Radiologic Technology,"Des Moines, IA",automatic
484358,Ross Medical Education Center-Johnson City,"Johnson City, TN",automatic
443599,American College of Healthcare Sciences,"Portland, OR",automatic
151564,Taylor Institute of Cosmetology II,"Knox, IN",automatic
446084,CALC Institute of Technology,"Alton, IL",automatic
417716,Applied Technology Services,"Sunset Hills, MO",automatic
184092,American Institute-Clifton,"CLIFTON, NJ",automatic
372921,Fortis College-Smyrna,"Smyrna, GA",automatic
455488,Fortis College-Montgomery,"Montgomery, AL",automatic
226903,Southern Careers Institute-Austin,"Austin, TX",automatic
462035,Florida Academy,"Fort Myers, FL",automatic
107123,Jefferson Regional School of Nursing,"Pine Bluff, AR",automatic
488147,PiBerry Institute,"Homestead, FL",automatic
461953,Colorado Academy of Veterinary Technology,"Colorado Springs, CO",automatic
498119,Galen Health Institutes-Asheville,"Asheville, NC",automatic
196389,Swedish Institute a College of Health Sciences,"New York, NY",automatic
447467,Unitech Training Academy-West Monroe,"West Monroe, LA",automatic
456029,Paul Mitchell the School-Memphis,"Memphis, TN",automatic
482060,Milan Institute-Merced,"Merced, CA",automatic
135142,La Belle Beauty School,"Hialeah, FL",custom
493488,Premiere International College,"Fort Myers, FL",automatic
475282,Marian Health Careers Center-Van Nuys Campus,"Van Nuys, CA",automatic
461254,Galaxy Medical College,"North Hollywood, CA",automatic
482015,Southern Careers Institute-San Antonio,"San Antonio, TX",automatic
449904,Milan Institute of Cosmetology-San Antonio Military,"San Antonio, TX",automatic
163259,"University of Maryland, Baltimore","Baltimore, MD",custom
447962,Compass Career College,"Hammond, LA",custom
495305,The Professional Cosmetology Academy,"Laredo, TX",automatic
496681,Florida Academy of Nursing,"Miramar, FL",automatic
154208,PCI Academy-Ames,"Ames, IA",automatic
481182,Ukiah Adult School,"Ukiah, CA",automatic
491181,Galen College of Nursing-ARH,"Hazard, KY",automatic
481775,San Joaquin Valley College-Lancaster,"Lancaster, CA",automatic
498757,Medical Solutions Academy,"Danville, VA",automatic
420343,Lincoln Technical Institute-Mahwah,"Mahwah, NJ",custom
484330,Ross Medical Education Center-Owensboro,"Owensboro, KY",automatic
481571,Belle Academy of Cosmetology LLC,"Waterbury, CT",automatic
461263,American Medical Sciences Center,"Glendale, CA",automatic
168555,Hillsdale Beauty College,"Hillsdale, MI",automatic
457785,International Academy of Style,"Reno, NV",automatic
497958,UEI College-Tacoma,"Tacoma, WA",automatic
243197,University of Puerto Rico-Mayaguez,"Mayaguez, PR",custom
483823,Philadelphia Technician Training,"Philadelphia, PA",automatic
450696,Carrington College-Stockton,"Stockton, CA",custom
152309,Rogers Academy of Hair Design,"Evansville, IN",automatic
397942,UEI College-Fresno,"Fresno, CA",automatic
156842,Paul Mitchell the School-Louisville,"Louisville, KY",automatic
406033,Galen College of Nursing-San Antonio,"San Antonio, TX",custom
485564,Infinity College,"Lafayette, LA",automatic
190318,Continental School of Beauty Culture-Rochester,"Rochester, NY",automatic
499307,Galen Health Institutes-Salt Lake City,"Draper, UT",automatic
103963,Miller-Motte College-Arizona Automotive Institute,"Glendale, AZ",automatic
451103,Miami Regional University,"Miami Springs, FL",automatic
485704,River Valley School of Massage,"Russellville, AR",automatic
417442,Career Center of Southern Illinois,"Red Bud, IL",automatic
215983,Sharon Regional School of Nursing,"Sharon, PA",automatic
158778,Avery James College,"Lake Charles, LA",automatic
192688,Mandl School-The College of Allied Health,"New York, NY",automatic
183248,St Joseph School of Nursing,"Nashua, NH",automatic
237570,Morgantown Beauty College Inc,"Morgantown, WV",automatic
459392,The Salon Professional Academy-Evansville,"Evansville, IN",automatic
482194,Arrojo Cosmetology School,"New York, NY",automatic
461111,Allstate Hairstyling & Barber College,"Cleveland, OH",automatic
447607,UEI College-Chula Vista,"Chula Vista, CA",automatic
203386,Hondros College of Nursing,"Westerville, OH",automatic
376631,Mr Wayne's School of Unisex Hair Design,"Cookeville, TN",automatic
418658,All-State Career School-Pittsburgh,"West Mifflin, PA",automatic
129181,Lincoln Technical Institute-East Windsor,"East Windsor, CT",custom
459055,Empire Beauty School-West Palm,"West Palm Beach, FL",automatic
485494,Associated Barber College of San Diego,"San Diego, CA",automatic
492421,No Grease Barber School,"Charlotte, NC",automatic
195702,Saint Elizabeth College of Nursing,"Utica, NY",automatic
492643,American Massage & Bodywork Institute,"Vienna, VA",automatic
406325,Schuyler Steuben Chemung Tioga Allegany BOCES,"Elmira, NY",automatic
487481,UEI College-Phoenix,"Phoenix, AZ",automatic
180054,Blackfeet Community College,"Browning, MT",custom
105543,Pima Medical Institute-Albuquerque,"Albuquerque, NM",automatic
445203,Remington College-North Houston Campus,"Houston, TX",automatic
157669,Empire Beauty School-Dixie,"Louisville, KY",automatic
476799,Unitek College,"South San Francisco, CA",automatic
439871,PCI College,"Cerritos, CA",automatic
445780,Cosmetology School of Arts & Sciences,"Burley, ID",automatic
200086,Nueta Hidatsa Sahnish College,"New Town, ND",automatic
490160,Sacramento Ultrasound Institute,"Sacramento, CA",automatic
457350,Florida School of Traditional Midwifery,"Gainesville, FL",automatic
498890,East Texas Cosmetology College,"Lufkin, TX",automatic
262341,Conservatory of Recording Arts and Sciences,"Tempe, AZ",automatic
405076,Southern Careers Institute-Corpus Christi,"Corpus Christi, TX",automatic
488077,Sonoran Desert Institute,"Tempe, AZ",custom
420130,Prism Career Institute-Cherry Hill,"Cherry Hill, NJ",automatic
122694,San Joaquin Valley College-Bakersfield,"Bakersfield, CA",automatic
371690,Downey Adult School,"Downey, CA",automatic
481191,Riverside County Office of Education-School of Career Education,"Riverside, CA",automatic
445957,Soma Institute-The National School of Clinical Massage Therapy,"Chicago, IL",automatic
493521,Global Tech College,"Toledo, OH",automatic
443650,Miller-Motte College-Chattanooga,"Chattanooga, TN",automatic
408066,Paul Mitchell the School-Wichita,"Wichita, KS",automatic
158787,Denham Springs Beauty School,"Denham Springs, LA",automatic
163541,Hair Academy,"New Carrollton, MD",automatic
415987,Allen School-Jamaica,"Jamaica, NY",automatic
455141,Aveda Institute-Chapel Hill,"Chapel Hill, NC",automatic
491145,Empire Beauty School-Lakeland,"Lakeland, FL",automatic
169813,Creative Hair School of Cosmetology,"Flint, MI",automatic
126784,Colorado School of Trades,"Lakewood, CO",automatic
443234,Hollywood Institute,"Margate, FL",automatic
204714,Ohio State Beauty Academy,"Lima, OH",automatic
223083,Baptist Health System School of Health Professions,"San Antonio, TX",custom
497897,Aveda Arts & Sciences Institute Lafayette-Arlington,"Arlington, VA",automatic
483054,Barber School of Pittsburgh,"Pittsburgh, PA",automatic
476708,The Barber School,"Midvale, UT",automatic
484163,Arizona School of Integrative Studies,"Mesa, AZ",automatic
497426,Salon Professional Academy,"Howell, NJ",automatic
444811,PITC Institute,"Wyncote, PA",automatic
488004,Central Yeshiva Beth Joseph,"Brooklyn, NY",automatic
204884,East Ohio College,"East Liverpool, OH",custom
454546,Milan Institute of Cosmetology-Vacaville,"Vacaville, CA",automatic
190239,Empire Beauty School-Queens,"Astoria, NY",automatic
174321,Model College of Hair Design,"Saint Cloud, MN",automatic
454971,Tricoci University of Beauty Culture-Chicago NW,"Chicago, IL",automatic
485856,Studio Incamminati,"Philadelphia, PA",automatic
232919,Tidewater Tech-Trades,"Norfolk, VA",automatic
407355,Stephanie Moss Academy,"Omaha, NE",custom
431600,UPMC Mercy School of Nursing,"Pittsburgh, PA",automatic
492281,GoodFellas Barber College,"Little Rock, AR",automatic
406361,Delaware Chenango Madison Otsego BOCES-Practical Nursing Program,"Norwich, NY",automatic
419280,New Dimensions School of Hair Design,"Joplin, MO",automatic
456977,CBT Technology Institute-Cutler Bay,"Cutler Bay, FL",automatic
112288,Milan Institute-Visalia,"Visalia, CA",automatic
475404,New York School of Esthetics & Day Spa,"white plains, NY",automatic
129482,American Institute-West Hartford,"West Hartford, CT",automatic
491534,Pets Playground Grooming School,"Pompano Beach, FL",automatic
457129,Chamberlain University-Florida,"Jacksonville, FL",custom
166805,Massachusetts School of Barbering,"Quincy, MA",automatic
493549,MCI,"McAllen, TX",automatic
406149,Sarasota School of Massage Therapy,"Sarasota, FL",automatic
488961,Ross Medical Education Center-Lafayette,"Lafayette, IN",automatic
245962,Miller-Motte College-Tulsa,"Tulsa, OK",automatic
400080,Summit College,"San Bernardino, CA",automatic
450650,The Institute of Beauty and Wellness,"Milwaukee, WI",automatic
138664,Interactive College of Technology-Morrow,"Morrow, GA",automatic
209700,Phagans School of Hair Design,"Happy Valley, OR",automatic
455901,The Temple-A Paul Mitchell Partner School,"Frederick, MD",automatic
407142,Cosmetology Training Center,"Lafayette, LA",automatic
495244,Pearlands Innovative School of Beauty,"Pearland, TX",automatic
453756,Ohio Media School-Columbus,"Columbus, OH",automatic
476814,Florida Institute of Recording Sound and Technology,"Orlando, FL",automatic
224271,Dallas Institute of Funeral Service,"Dallas, TX",automatic
383297,Long Island Beauty School-Hauppauge,"Hauppauge, NY",automatic
461218,Institute of Medical Careers,"Pittsburgh, PA",automatic
210599,All-State Career School,"Essington, PA",automatic
449506,SABER College,"Miami, FL",automatic
451121,Paul Mitchell the School-Miami,"Miami, FL",automatic
446288,Paul Mitchell the School-Great Lakes,"Port Huron, MI",automatic
460914,Penrose Academy,"Scottsdale, AZ",automatic
200110,"Josef's School of Hair, Skin & Body-Grand Forks","Grand Forks, ND",automatic
143491,Cannella School of Hair Design-Chicago,"Chicago, IL",automatic
213622,UPMC St. Margaret School of Nursing,"Pittsburgh, PA",automatic
431141,Institute of Technology,"Clovis, CA",automatic
442611,NASCAR Technical Institute,"Mooresville, NC",automatic
481863,Ross Medical Education Center-Kokomo,"Kokomo, IN",automatic
499325,"Academy of Cosmetology, Barbering, and Esthetics","Oklahoma City, OK",automatic
207102,Eves College of Hairstyling,"Lawton, OK",automatic
493910,Tuana European Beauty Academy,"Fort Collins, CO",automatic
414063,Artistic Academy of Hair Design,"Morris Plains, NJ",automatic
478953,Bellus Academy,"Manhattan, KS",automatic
365091,International School of Skin Nailcare & Massage Therapy,"Sandy Springs, GA",custom
172866,Academy College,"Bloomington, MN",automatic
419484,Crawford County Career and Technical Center Practical Nursing Program,"Meadville, PA",custom
447166,Empire Beauty School-Littleton,"Littleton, CO",automatic
493761,MIXED Institute of Cosmetology & Barber,"Sacramento, CA",automatic
484127,TIGI Hairdressing Academy Newtown,"Newtown, CT",automatic
107220,Career Academy of Hair Design,"Springdale, AR",automatic
107488,Northwest Technical Institute,"Springdale, AR",automatic
202453,Dayton Barber College,"Miamisburg, OH",automatic
454652,Paul Mitchell the School-Birmingham,"Hoover, AL",custom
104568,Avalon Institute-Mesa,"Mesa, AZ",automatic
482167,Trenz Beauty Academy,"Calumet City, IL",automatic
159513,Aveda Arts & Sciences Institute-Baton Rouge,"Baton Rouge, LA",automatic
486619,Academy of Professional Cosmetology,"Rogers, AR",automatic
228200,South Texas Vocational Technical Institute-Weslaco,"Weslaco, TX",automatic
250744,Dorsey College-Roseville,"Roseville, MI",automatic
447014,Daytona College,"Ormond Beach, FL",custom
140571,Morris Brown College,"Atlanta, GA",automatic
381404,Ogle School Hair Skin Nails-Dallas,"Dallas, TX",automatic
203739,Ohio Business College-Sandusky,"Sandusky, OH",automatic
480888,CyberTex Institute of Technology,"Austin, TX",automatic
134024,Florida School of Massage,"Gainesville, FL",automatic
445850,Kenneth Shuler School of Cosmetology-Columbia,"Columbia, SC",automatic
434821,Blue Cliff College-Metairie,"Metairie, LA",automatic
486503,Laredo CHI Academy Beauty School,"Laredo, TX",automatic
432117,Kenneth Shuler School of Cosmetology-Rock Hill,"Rock Hill, SC",automatic
169761,Dorsey College,"Madison Heights, MI",automatic
241304,Columbia Central University-Caguas,"Caguas, PR",automatic
494250,Valley College-Cleveland,"Cleveland, OH",automatic
476540,Vogue College of Cosmetology-San Antonio Fredericksburg,"San Antonio, TX",automatic
468255,Northwest College-Tualatin,"Tualatin, OR",automatic
480000,Hinton Barber and Beauty College,"Vallejo, CA",automatic
461999,Elite School of Cosmetology,"Norwalk, OH",automatic
111513,Career Academy of Beauty,"Garden Grove, CA",automatic
118134,Lyle's College of Beauty,"Bakersfield, CA",automatic
204769,The Spa School,"Columbus, OH",automatic
443632,Colorado Media School,"Denver, CO",automatic
498836,The Nurse Academy,"National City, CA",automatic
138655,Interactive College of Technology-Chamblee,"Chamblee, GA",automatic
457563,Aveda Fredric's Institute-Indianapolis,"Carmel, IN",automatic
238175,VICI Beauty School,"Greenfield, WI",automatic
417008,Paul Mitchell the School-Huntsville,"Madison, AL",automatic
431196,Genesee Valley BOCES-Practical Nursing Program,"Batavia, NY",automatic
484136,Yahweh Beauty Academy,"Killeen, TX",automatic
451565,Paul Mitchell the School-Austin,"Austin, TX",automatic
484899,Aveda Institute-Phoenix,"Tempe, AZ",automatic
260929,Paul Mitchell the School-Boise,"Boise, ID",automatic
495299,Florida Professional Institute,"Miami, FL",automatic
437556,Midwest Technical Institute-Illinois,"Springfield, IL",automatic
499671,Galen Health Institutes-Las Vegas,"Las Vegas, NV",automatic
486390,Culinary Tech Center,"White Plains, NY",automatic
495110,Great Lakes Boat Building School,"Cedarville, MI",automatic
206932,Central Oklahoma College,"Oklahoma City, OK",automatic
498906,Yeshivas Sanz Klauzenburg,"Brooklyn, NY",automatic
470393,Tricoci University of Beauty Culture-Chicago NE,"Chicago, IL",automatic
120069,North-West College-Pomona,"Pomona, CA",automatic
495226,St. Louis Med Tech,"St. Louis, MO",automatic
186593,Shore Beauty School,"Egg Harbor Township, NJ",automatic
261719,Dorsey School of Beauty,"Taylor, MI",automatic
458821,Empire Beauty School-Jackson,"Jackson, TN",automatic
483230,The Fab School,"Rancho Cucamonga, CA",automatic
497338,Glendale Career College-North-West College-Bakersfield,"Bakersfield, CA",automatic
372462,Academy of Cosmetology,"Merritt Island, FL",automatic
442781,Tohono O'odham Community College,"Sells, AZ",automatic
449320,Lincoln Technical Institute-Whitestone,"Whitestone, NY",automatic
461704,Capilo School of Hair Design,"Augusta, ME",automatic
486983,Paul Mitchell the School-Madison,"Madison, WI",automatic
475839,Sessions College for Professional Design,"Tempe, AZ",automatic
486415,AMG School of Nursing,"Brooklyn, NY",automatic
145424,Hair Professionals Career College,"Sycamore, IL",automatic
461926,Taylor Andrews Academy-St George,"St. George, UT",automatic
186274,Robert Fiance Beauty Schools,"Boynton Beach, FL",automatic
434016,Little Priest Tribal College,"Winnebago, NE",automatic
496520,Zen Shiatsu Chicago,"Evanston, IL",automatic
486202,Mingo Extended Learning Center,"Delbarton, WV",automatic
372240,Universal College of Beauty Inc-Los Angeles 2,"Los Angeles, CA",automatic
367972,Capital Area Career Center,"Springfield, IL",custom
199005,Mitchells Academy,"Wilson, NC",automatic
399869,Southern California Institute of Technology,"Anaheim, CA",custom
376446,Academy of Hair Technology,"Greenville, SC",custom
413820,Yukon Beauty College Inc,"Yukon, OK",automatic
444468,Lawrenceburg Technical College,"Lawrenceburg, TN",automatic
441876,"Rudy & Kelly Academy, A Paul Mitchell Partner School","Virginia Beach, VA",automatic
127316,International Salon and Spa Academy,"Colorado Springs, CO",automatic
480019,Advanced Career Institute,"Visalia, CA",automatic
441830,Healing Mountain Massage School,"Salt Lake City, UT",custom
443216,P C Age-Jersey City,"Jersey City, NJ",automatic
120661,Concorde Career College-San Diego,"San Diego, CA",custom
486497,California Barber and Beauty College,"San Diego, CA",automatic
444334,Advance Science International College,"Miami Lakes, FL",automatic
366261,Commonwealth Institute of Funeral Service,"Houston, TX",automatic
246974,Carrington College-San Leandro Campus,"San Leandro, CA",custom
442426,St Louis College of Health Careers-Fenton,"Fenton, MO",automatic
448600,Stautzenberger College-Brecksville,"Brecksville, OH",automatic
455910,Center for Massage,"Asheville, NC",automatic
449445,Valley College of Medical Careers,"West Hills, CA",automatic
443225,PC AGE-Metropark,"Iselin, NJ",automatic
151661,Lincoln College of Technology-Indianapolis,"Indianapolis, IN",custom
493831,Midwest Barber College,"Topeka, KS",automatic
493682,American Institute of Healthcare & Technology,"Stratford, CT",automatic
495129,Austin Career Institute,"Austin, TX",automatic
499361,Premiere Aesthetics Institute-Meridian,"Meridian, ID",automatic
449393,Coachella Valley Beauty College,"La Quinta, CA",automatic
454999,Tricoci University of Beauty Culture-Peoria,"Peoria, IL",automatic
107655,University of Aesthetics & Cosmetology,"El Dorado, AR",automatic
147642,Cosmetology Concepts Niles,"Niles, IL",automatic
491923,Southeastern Esthetics Institute,"Elgin, SC",automatic
451158,Aveda Institute-Tallahassee,"Tallahassee, FL",automatic
449728,ATA College,"Tulsa, OK",automatic
456931,Miller-Motte College-STVT-Corpus Christi,"Corpus Christi, TX",automatic
188890,Apex Technical School,"Long Island City, NY",automatic
107831,Searcy Beauty College,"Searcy, AR",automatic
200527,Turtle Mountain Community College,"Belcourt, ND",custom
152497,Saint Elizabeth School of Nursing,"Lafayette, IN",automatic
195067,Empire Beauty School-Manhattan,"New York, NY",automatic
413617,College of Menominee Nation,"Keshena, WI",custom
130837,Margaret H Rollins School of Nursing at Beebe Medical Center,"Lewes, DE",automatic
236018,BJ's Beauty & Barber College,"Tacoma, WA",automatic
418533,Lancaster County Career and Technology Center,"Willow Street, PA",automatic
211006,Automotive Training Center-Exton,"Exton, PA",automatic
487861,Felbry College,"Columbus, OH",automatic
392415,Fortis College,"Houston, TX",automatic
451413,Center for Allied Health Education,"Brooklyn, NY",automatic
208433,College of Hair Design Careers,"Salem, OR",automatic
457952,Metro Beauty Academy,"Allentown, PA",automatic
496283,Provo College-Idaho Falls Campus,"Idaho Falls, ID",automatic
494694,Texas Healthtech Institute,"Beaumont, TX",automatic
143473,Cannella School of Hair Design-Villa Park,"Villa Park, IL",automatic
416458,Premiere Career College,"Irwindale, CA",automatic
460020,Fortis College-Columbia,"Columbia, SC",automatic
447908,Florida Academy of Health & Beauty,"Oakland Park, FL",automatic
430935,Colegio de Cinematografía Artes y Television,"Bayamon, PR",automatic
476805,University Academy of Hair Design,"Tuscaloosa, AL",automatic
458830,Empire Beauty School-Springfield,"Springfield, PA",automatic
204778,Ohio State School of Cosmetology-Canal Winchester,"CANAL WINCHESTER, OH",automatic
237543,Mercer County Technical Education Center,"Princeton, WV",automatic
107099,Hot Springs Beauty College,"Hot Springs, AR",automatic
106351,Arkansas Technical School,"North Little Rock, AR",automatic
497073,Ogle School Hair Skin Nails-Willowbrook,"Houston, TX",automatic
488590,Christian Culinary Academy,"Cannon Beach, OR",automatic
183035,New Hampshire Institute for Therapeutic Arts,"Nashua, NH",automatic
157614,Empire Beauty School-Chenoweth,"Louisville, KY",automatic
161527,Spa Tech Institute-Westbrook,"Westbrook, ME",automatic
491792,Stacey James Institute,"Parker, CO",automatic
461582,Estelle Skin Care and Spa Institute,"Skokie, IL",automatic
484367,North-West College-Anaheim,"Anaheim, CA",automatic
494755,West Virginia Junior College-United Career Institute,"Irwin, PA",automatic
109934,Bellus Academy-Chula Vista,"Chula Vista, CA",automatic
367051,Hairmasters Institute of Cosmetology,"Bloomington, IL",automatic
487232,Texas College of Cosmetology-Lubbock,"Lubbock, TX",automatic
434274,Academy of Hair Design-Lufkin,"Lufkin, TX",automatic
451495,CDE Career Institute,"Tannersville, PA",automatic
221829,Tennessee School of Beauty of Knoxville Inc,"Knoxville, TN",automatic
482200,Cosmetology Academy of Texarkana,"Texarkana, TX",automatic
175494,Chris Beauty College,"Gulfport, MS",automatic
454944,Paul Mitchell the School-Rexburg,"Rexburg, ID",automatic
159027,Belbo Beauty Institute,"Shreveport, LA",automatic
156426,Paul Mitchell the School-Lexington,"Lexington, KY",automatic
487047,Unitech Training Academy-New Orleans,"New Orleans, LA",automatic
366191,Universal Technical Institute of Illinois Inc,"Lisle, IL",automatic
497912,Concorde Career College-Broadway,"Kansas City, MO",automatic
488226,Center for Neurosomatic Studies,"Clearwater, FL",automatic
193201,Mildred Elley School-Albany Campus,"Albany, NY",automatic
485412,Coachella Valley Beauty College-Hemet,"Hemet, CA",automatic
441380,Florida Barber Academy,"Plantation, FL",automatic
451343,Corinth Academy of Cosmetology,"Corinth, MS",automatic
462062,Academy for Salon Professionals,"Northridge, CA",automatic
491826,"Avenue Academy, A Cosmetology Institute","Albuquerque, NM",automatic
143552,Capri Beauty College,"Oak Forest, IL",automatic
461500,Santa Ana Beauty Academy,"Santa Ana, CA",automatic
422695,Pacific College,"Costa Mesa, CA",automatic
499033,Champ's Barber School-Lebanon,"Lebanon, PA",automatic
459347,The Salon Professional Academy-Ft Myers,"Fort Myers, FL",automatic
457332,TIGI Hairdressing Academy Guilford,"Guilford, CT",automatic
494700,Xtylo Beauty College,"Phoenix, AZ",automatic
111762,CET-Watsonville,"Watsonville, CA",automatic
495217,Adrian H. Wallace Barber Academy,"Pensacola, FL",automatic
491695,Brown Beauty Barber School,"Bessemer, AL",automatic
452124,Fortis Institute-Nashville,"Nashville, TN",automatic
437723,New Community Career & Technical Institute,"Newark, NJ",automatic
467906,Kenneth Shuler School of Cosmetology-Greenville,"Greenville, SC",automatic
447704,Tucson College of Beauty,"Tucson, AZ",automatic
372028,North-West College-Glendale,"Glendale, CA",automatic
487621,Celebrity Barber School,"Monroe, LA",automatic
249061,Ms Roberts Academy of Beauty Culture,"Hillside, IL",automatic
485607,Dolce The Academy,"Waterbury, CT",automatic
454537,The Salon Professional Academy-Appleton,"Appleton, WI",automatic
457767,National Career Institute,"East Orange, NJ",automatic
484109,Paul Mitchell the School-Merrillville,"Merrillville, IN",automatic
417062,Estes Institute of Cosmetology Arts and Science,"Visalia, CA",automatic
204121,Moler Hollywood Beauty Academy,"Cincinnati, OH",automatic
491774,Transitions Career Institute School of Nursing,"Flushing, NY",automatic
232724,Sovah School of Health Professions,"Danville, VA",automatic
436030,Hair Academy II,"Hillcrest Heights, MD",automatic
492005,Elite Academy of Hair Design,"Bridgeport, OH",automatic
219851,Austin's Beauty College Inc,"Clarksville, TN",automatic
485926,GA Beauty & Barber School,"McAllen, TX",automatic
233286,Sylvain Melloul International Hair Academy,"Lynchburg, VA",automatic
496964,Larry's Barber College-Joliet,"Joliet, IL",automatic
495350,Paul Mitchell the School-North Tahoe,"Truckee, CA",automatic
230144,Collectiv Academy,"Sandy, UT",automatic
371964,National Career Education,"Citrus Heights, CA",automatic
449959,Paul Mitchell the School-Tampa,"Tampa, FL",automatic
495040,Makana Esthetics Wellness Academy,"Honolulu, HI",automatic
216746,Welder Training and Testing Institute,"Allentown, PA",automatic
447980,Nuvo College of Cosmetology,"Norton Shores, MI",automatic
487852,American Institute of Alternative Medicine,"East Brunswick, NJ",automatic
487597,Universal Technical Institute-Southern California,"Long Beach, CA",automatic
449490,Palm Beach Academy of Health & Beauty,"West Palm Beach, FL",automatic
224828,Fort Worth Beauty School,"Benbrook, TX",automatic
494728,Michael's Barber & Hair Stylist Academy,"Irving, TX",automatic
458070,Avenue Five Institute,"Austin, TX",automatic
485032,Paul Mitchell the School-Toledo,"Sylvania, OH",automatic
214944,Pennco Tech-Bristol,"Bristol, PA",automatic
457679,Avalon School of Cosmetology,"Worthington, MN",automatic
475176,San Joaquin Valley College-Temecula,"Temecula, CA",custom
488989,Paul Mitchell the School-Clear Lake,"Webster, TX",automatic
378105,Central Coast College,"Salinas, CA",automatic
495934,San Joaquin Valley College-Delano,"Delano, CA",automatic
377759,Capstone College,"Pasadena, CA",automatic
488952,Ross Medical Education Center-Elyria,"Elyria, OH",automatic
483850,Alliance Computing Solutions,"Flushing, NY",automatic
458423,European Massage Therapy School-Las Vegas,"Las Vegas, NV",automatic
455062,French Academy of Cosmetology,"Spring Lake, MI",automatic
456968,Health And Style Institute,"Greensboro, NC",automatic
483373,Integrity College of Health,"Pasadena, CA",automatic
219587,Arnolds Beauty School,"Milan, TN",automatic
490948,Bull City Durham Beauty and Barber College,"Durham, NC",automatic
497116,Galen Health Institutes-Austin Campus,"Round Rock, TX",automatic
443322,Valley Grande Institute for Academic Studies,"Weslaco, TX",automatic
459286,Paul Mitchell the School-Colorado Springs,"Colorado Springs, CO",automatic
430403,Prism Career Institute-West Atlantic City,"West  Atlantic City, NJ",automatic
229425,UCAS University of Cosmetology Arts & Sciences-McAllen,"McAllen, TX",automatic
490841,Ross College-Grand Rapids North,"Grand Rapids, MI",automatic
483513,Neecee's Barber College,"Abilene, TX",automatic
447351,San Joaquin Valley College-Modesto,"Salida, CA",automatic
419235,Rivertown School of Beauty Barber Skin Care and Nails,"Columbus, GA",custom
444282,Empire Beauty School-Midlothian,"Midlothian, VA",automatic
105677,Roberto-Venn School of Luthiery,"Phoenix, AZ",automatic
499495,Gwinnett Institute,"Orlando, FL",automatic
440989,Texas Barber College,"Houston, TX",automatic
242130,ICPR Junior College-Arecibo,"Arecibo, PR",automatic
444714,Gwinnett College-Marietta Campus,"Marietta, GA",automatic
459499,Sage School of Massage & Esthetics,"Bend, OR",automatic
461786,Advanced College of Cosmetology,"Waupun, WI",automatic
481368,Prestige Health & Beauty Sciences Academy,"Hallandale Beach, FL",automatic
142407,Aveda Institute-Twin Falls,"Twin Falls, ID",automatic
454698,Mayfield College,"Cathedral City, CA",automatic
484604,Ogle School Hair Skin Nails-Stafford,"Stafford, TX",automatic
367158,Ross Medical Education Center-Taylor,"Taylor, MI",automatic
152044,West Michigan College of Barbering and Beauty,"Kalamazoo, MI",automatic
445841,Kenneth Shuler School of Cosmetology-Spartanburg,"Spartanburg, SC",automatic
482097,Midwest Technical Institute-Missouri,"Springfield, MO",automatic
441645,Brown Aveda Institute-Mentor,"Mentor, OH",automatic
449676,Ace Institute of Technology,"New York, NY",automatic
496690,Body Wisdom Massage Therapy School,"Urbandale, IA",automatic
493804,Deluxe Barber College,"San Antonio, TX",automatic
434496,Strand College of Hair Design,"Myrtle Beach, SC",automatic
476568,Tomorrow's Image Barber And Beauty Academy of Virginia,"Newport News, VA",automatic
454555,Milan Institute of Cosmetology-Reno,"Reno, NV",automatic
377281,Nuvani Institute,"Eagle Pass, TX",automatic
243841,ICPR Junior College,"Hato Rey, PR",automatic
488563,California College of Music,"Pasadena, CA",automatic
459374,Universal Spa Training Academy,"Downers Grove, IL",automatic
185466,Rizzieri Aveda School for Beauty and Wellness,"Voorhees, NJ",automatic
169503,David Pressley School of Cosmetology,"Royal Oak, MI",automatic
491738,IBS School of Cosmetology and Massage,"Kahului, HI",automatic
199078,College of Wilmington,"Wilmington, NC",automatic
441502,Blue Cliff College-Gulfport,"Gulfport, MS",automatic
240718,WyoTech,"Laramie, WY",automatic
488749,Paul Mitchell the School-Jessup,"Jessup, MD",automatic
156967,Summit Salon Academy-Lexington,"Lexington, KY",automatic
457776,Paul Mitchell the School-Albuquerque,"Albuquerque, NM",automatic
228185,South Texas Barber College Inc,"Corpus Christi, TX",automatic
490258,American Barber and Beauty Academy,"Reading, PA",automatic
488332,Hope College of Arts and Sciences,"Pompano Beach, FL",automatic
457420,Summit Salon Academy,"Tampa, FL",automatic
174190,Nova Academy of Cosmetology Woodbury,"WOODBURY, MN",automatic
445656,Spa Tech Institute-Plymouth,"Plymouth, MA",automatic
498818,Cutting Edge Barber Academy,"Lancaster, PA",automatic
486716,Ross Medical Education Center-Knoxville,"Knoxville, TN",automatic
490407,Hogan Institute of Cosmetology and Esthetics,"Lilburn, GA",automatic
498076,Galen Health Institutes-Sarasota,"Sarasota, FL",automatic
498410,Premier Barber School,"Houston, TX",automatic
484084,Debutantes School of Cosmetology and Nail Technology,"Dekalb, IL",automatic
494807,Ponce Health Sciences University-East,"Ponce, PR",automatic
365125,Palomar Institute of Cosmetology,"San Marcos, CA",automatic
242972,NUC University,"Bayamon, PR",automatic
235501,International Air and Hospitality Academy,"Vancouver, WA",automatic
161800,Award Beauty School,"Hagerstown, MD",automatic
492935,Global Medical & Technical Training Institute,"Miami, FL",automatic
498094,Galen Health Institutes-Richmond,"Richmond, VA",automatic
363882,Raphael's School of Beauty Culture Inc-Brunswick,"Brunswick, OH",automatic
462008,Paul Mitchell the School-Las Vegas,"Las Vegas, NV",automatic
119951,North Adrian's College of Beauty Inc,"Modesto, CA",automatic
231411,Advanced Technology Institute,"Virginia Beach, VA",automatic
456597,Salon Success Academy-Redlands,"Redlands, CA",automatic
400558,Los Angeles Pacific College,"Los Angeles, CA",automatic
482246,Lynnes Welding Training,"Fargo, ND",custom
439668,HDS Truck Driving Institute,"Tucson, AZ",automatic
481960,InterCoast Colleges-Fairfield,"Fairfield, CA",automatic
494524,Avenue Five Institute-South Austin Campus,"Austin, TX",automatic
159328,John Jay Beauty College,"Kenner, LA",automatic
459426,Nova Academy of Cosmetology,"Rochester, MN",automatic
458007,Love Beauty School Inc,"Manchester, TN",automatic
112181,Citrus Heights Beauty College,"Citrus Heights, CA",automatic
456515,Ross Medical Education Center-Battle Creek,"Battle Creek, MI",automatic
491996,The Salon Professional Academy-Georgetown,"Georgetown, TX",automatic
493530,Crown Cutz Academy Bristol,"Bristol, VA",automatic
498331,San Francisco School of Massage & Bodywork,"San Francisco, CA",automatic
449603,Denmark College,"Merrillville, IN",automatic
467863,Paul Mitchell the School-Columbia,"West Columbia, SC",automatic
498766,Sami Halaseh Institute,"Andover, KS",automatic
495208,Webb's Barber School of Arts,"Macon, GA",automatic
438285,Cortiva Institute,"Maitland, FL",automatic
492139,DSDT,"Detroit, MI",automatic
461722,Lindsey Institute of Cosmetology,"Bowling Green, KY",automatic
407735,Empire Beauty School-Green Bay,"Ashwaubenon, WI",automatic
469911,Unitech Training Academy-Alexandria,"Alexandria, LA",automatic
498784,Upper Kutz Barber & Style College,"Greenville, MS",automatic
484172,Lee Professional Institute,"Fort Myers, FL",automatic
177603,Summit Salon Academy Kansas City,"Independence, MO",automatic
499079,Collectiv Hair Dressing Academy-Collectiv Academy-Dallas,"Dallas, TX",automatic
377315,Texas College of Cosmetology-Abilene,"Abilene, TX",automatic
455886,Tricoci University of Beauty Culture-Libertyville,"Libertyville, IL",automatic
448798,Empire Beauty School-Milwaukee,"Milwaukee, WI",automatic
498553,Stellar Career College,"Chicago, IL",automatic
490382,Harmony Health Care Institute,"Merrimack, NH",automatic
457314,Angeles Institute,"ARTESIA, CA",automatic
219037,The Salon Professional Academy,"Rapid City, SD",automatic
459019,Empire Beauty School-Charlotte,"Charlotte, NC",automatic
488217,Medical Career & Technical College,"Richmond, KY",automatic
488916,Alabama School of Nail Technology & Cosmetology,"Jackson, AL",automatic
111717,CET-San Jose,"San Jose, CA",automatic
184427,Lincoln Technical Institute-South Plainfield,"South Plainfield, NJ",custom
460817,Miller-Motte College-Jacksonville,"Jacksonville, NC",automatic
459532,Salon & Spa Institute,"Brownsville, TX",automatic
156310,PJ's College of Cosmetology-Bowling Green,"Bowling Green, KY",automatic
488651,Glitz School of Cosmetology,"Las Cruces, NM",automatic
377643,Huntington School of Beauty Culture,"Huntington, WV",automatic
177588,House of Heavilin Beauty College-Kansas City,"Kansas City, MO",automatic
460011,Kenneth Shuler School of Cosmetology-Florence,"Florence, SC",automatic
126951,Lincoln College of Technology-Denver,"Denver, CO",custom
153083,Capri College-Cedar Rapids,"Cedar Rapids, IA",automatic
480903,New England Tractor Trailer Training School of CT-Bridgeport,"Bridgeport, CT",automatic
455929,The Academy of Hair Design LLC,"Oklahoma City, OK",automatic
380067,Houston Training School-Main Campus,"Houston, TX",automatic
444307,Empire Beauty School-West Mifflin,"West Mifflin, PA",automatic
484011,Paul Mitchell the School-Schenectady,"Schenectady, NY",automatic
448859,Triangle Tech Inc-Bethlehem,"Bethlehem, PA",automatic
495262,Premiere Aesthetics Institute,"Bend, OR",automatic
234119,Asher Institute of Hampton,"Hampton, VA",automatic
493512,San Diego Global Knowledge University,"San Diego, CA",automatic
486141,Westchester College of Nursing & Allied Health,"Los Angeles, CA",automatic
444228,LeGrand Institute of Cosmetology Inc,"Camden, SC",automatic
186016,Parisian Beauty School,"Hackensack, NJ",automatic
402800,Tri-State Cosmetology Institute,"El Paso, TX",automatic
483735,Total Transformation Institute of Cosmetology,"San Marcos, TX",automatic
413680,Spartan College of Aeronautics & Technology,"Inglewood, CA",automatic
438674,The Academy of Hair Design Six,"Hattiesburg, MS",automatic
150251,College of Court Reporting Inc,"Valparaiso, IN",automatic
476780,Diamond Beauty College,"South El Monte, CA",automatic
402563,Delta College Inc,"Covington, LA",automatic
498872,Central Valley Barber College,"Riverbank, CA",automatic
487083,Protege Academy,"Mt. Pleasant, MI",automatic
215044,Cortiva Institute,"King of Prussia, PA",automatic
242149,ICPR Junior College-Mayaguez,"Mayaguez, PR",automatic
369950,Hamrick School,"Medina, OH",automatic
451149,Aveda Institute-South Florida,"Davie, FL",automatic
492731,Innovate Salon Academy,"Ewing, NJ",automatic
228282,Southwest School of Business and Technical Careers-San Antonio,"San Antonio, TX",automatic
150428,Don Roberts School of Hair Design,"Schererville, IN",automatic
485953,The Recording Conservatory of Austin,"Austin, TX",automatic
213455,Lancaster School of Cosmetology & Therapeutic Bodywork,"Lancaster, PA",automatic
496478,Motion Picture Institute,"Troy, MI",automatic
474924,Avalon Institute-Layton,"Layton, UT",automatic
481447,Center for the Healing Arts,"Voorhees, NJ",automatic
458803,Empire Beauty School-E Memphis,"Memphis, TN",automatic
488837,U.S. Truck Driver Training School,"Sterling Heights, MI",automatic
481298,Lawrence & Company College of Cosmetology,"Hanford, CA",automatic
455734,California Nurses Educational Institute,"Palm Springs, CA",automatic
126605,Spartan College of Aeronautics and Technology,"Broomfield, CO",automatic
488183,Regina Webb Academy,"Bowling Green, KY",automatic
167039,Rob Roy Academy-New Bedford,"New Bedford, MA",automatic
497444,Hello Gorgeous Barbers Stillwater's School of Barbering,"Stillwater, OK",automatic
450720,Euphoria Institute of Beauty Arts & Sciences-Summerlin,"Las Vegas, NV",automatic
459046,Empire Beauty School-Winston-Salem,"Winston-Salem, NC",automatic
470296,Manuel and Theresa's School of Hair Design-Victoria,"Victoria, TX",automatic
118994,Moler Barber College,"Oakland, CA",automatic
457466,Profile Institute of Barber-Styling,"Atlanta, GA",automatic
457545,Paul Mitchell the School-Normal,"Normal, IL",automatic
451468,Aveda Fredric's Institute-Cincinnati,"West Chester, OH",automatic
248660,Paul Mitchell the School-Knoxville,"Knoxville, TN",automatic
375416,Remington College-Cleveland Campus,"Cleveland, OH",automatic
459523,ABC Beauty Academy,"Richardson, TX",automatic
236212,Perry Technical Institute,"Yakima, WA",custom
407568,Raphael's School of Beauty Culture Inc-Boardman,"Boardman, OH",automatic
460701,Artistic Nails and Beauty Academy-Lakeland,"Lakeland, FL",automatic
160320,Aveda Arts & Sciences Institute-Covington,"Covington, LA",automatic
492704,Ponce Health Sciences University-Centro Universitario de San Juan,"Santurce, PR",automatic
488299,Mission Beauty Institute,"Mission, TX",automatic
160524,Remington College-Lafayette Campus,"Lafayette, LA",automatic
448770,Automotive Training Center-Warminster,"Warminster, PA",automatic
457253,Beyond 21st Century Beauty Academy,"Santa Fe Springs, CA",automatic
449092,CBT Technology Institute-Hialeah,"Hialeah, FL",automatic
454777,San Francisco Institute of Esthetics & Cosmetology Inc,"San Francisco, CA",automatic
498359,The Salon Professional Academy,"Collegeville, PA",automatic
468246,Northwest College-Eugene,"Springfield, OR",automatic
455080,Paul Mitchell the School-Springfield,"Springfield, MO",automatic
483920,LaBarberia Institute of Hair,"Mayfield Hts, OH",automatic
478591,Ogle School Hair Skin Nails-Denton,"Denton, TX",automatic
442329,Tulsa Welding School-Jacksonville,"Jacksonville, FL",automatic
456135,Empire Beauty School-Spring Lake Park,"Spring Lake Park, MN",automatic
123642,South Coast College,"Orange, CA",automatic
483258,Networks Barber College,"Calumet City, IL",automatic
418171,Charles Stuart School of Diamond Setting,"Brooklyn, NY",automatic
493637,South Eastern Beauty Academy,"Paintsville, KY",automatic
490285,California Institute of Arts & Technology,"San Diego, CA",automatic
108977,American Beauty College,"West Covina, CA",automatic
449995,Paul Mitchell the School-Tysons Corner,"McLean, VA",automatic
491871,Vogue International Academy,"Houston, TX",automatic
116563,Bellus Academy-El Cajon,"El Cajon, CA",automatic
499255,Baltimore Beauty & Barber School II,"Timonium, MD",automatic
484190,Park Place Premier Barber School,"New Orleans, LA",automatic
495174,Hollywood Cultural College,"Los Angeles, CA",automatic
475468,Christine Valmy International School of Esthetics & Cosmetology,"Pine Brook, NJ",automatic
437608,Advanced Barber College and Hair Design,"Weslaco, TX",automatic
495378,PCI Academy-Iowa City,"Iowa City, IA",automatic
193991,Empire Beauty School-Peekskill,"Peekskill, NY",automatic
367431,Butler Beauty Academy-New Castle Beauty Academy,"New Castle, PA",automatic
454917,Celebrity School of Beauty,"Miami, FL",automatic
483504,Dorsey College-Dearborn,"Detroit, MI",automatic
495387,Larry's Barber College,"Chicago, IL",automatic
489140,Academy of Beauty Professionals,"Green Bay, WI",automatic
460127,Ross Medical Education Center-Canton,"Canton, MI",automatic
451237,Z Hair Academy,"Overland Park, KS",automatic
497125,Galen Health Institutes-Nashville Campus,"Nashville, TN",automatic
450711,Trend Barber College,"Houston, TX",automatic
488253,Focus Personal Training Institute,"New York, NY",automatic
227298,Ocean Corporation,"Houston, TX",automatic
438504,Universal Technical Institute of California Inc,"Rancho Cucamonga, CA",automatic
421610,Paul Mitchell the School-St. George,"Saint George, UT",automatic
189468,Brittany Beauty Academy,"Levittown, NY",automatic
447795,American Institute of Massage Therapy,"Santa Ana, CA",automatic
103954,Arizona Academy of Beauty,"Tucson, AZ",automatic
498669,Rituals Cosmetology Institute,"Billings, MT",automatic
454795,Healing Hands School of Holistic Health,"Escondido, CA",automatic
443146,Jay's Technical Institute,"Houston, TX",automatic
483470,More Tech Institute,"Hialeah, FL",automatic
443669,Milan Institute-Sparks,"Sparks, NV",automatic
483869,InterAmerican Technical Institute,"Miami, FL",automatic
110194,Brownson Technical School,"Anaheim, CA",automatic
483753,Champ's Barber School,"Lancaster, PA",automatic
221148,Lincoln College of Technology-Nashville,"Nashville, TN",custom
235307,Glen Dow Academy of Hair Design,"Spokane, WA",automatic
250902,Moler-Pickens Beauty Academy,"Fairfield, OH",automatic
498474,Galen Health Institutes-Houston,"Houston, TX",automatic
493992,Southern Careers Institute-Waco,"Waco, TX",automatic
492096,D&S School of Cosmetology,"Waterford, MI",automatic
231280,Paul Mitchell the School-Roanoke,"Roanoke, VA",automatic
137591,Bene's Career Academy,"New Port Richey, FL",automatic
135337,Loraines Academy & Spa,"Saint Petersburg, FL",automatic
490142,World Class Academy of Beauty Careers,"Tallahassee, FL",automatic
440262,New York Automotive and Diesel Institute,"Jamaica, NY",automatic
144573,Tricoci University of Beauty Culture,"Urbana, IL",automatic
455859,Oliver Finley Academy of Cosmetology,"Boise, ID",automatic
491543,San Bernardino Beauty College,"San Bernardino, CA",automatic
456287,College of Hair Design-East Campus,"Lincoln, NE",automatic
106324,Arkansas Beauty College,"Russellville, AR",automatic
488013,Garden State Science and Technology Institute,"Jersey City, NJ",automatic
230065,Cameo College of Essential Beauty,"Murray, UT",automatic
443207,NTMA Training Centers of Southern California,"Santa Fe Springs, CA",automatic
461810,United Beauty College,"Denver, CO",automatic
481155,Helms College,"Augusta, GA",automatic
414869,Tricoci University of Beauty Culture-Indianapolis,"Indianapolis, IN",automatic
180063,Butte Academy of Beauty Culture,"Butte, MT",automatic
495341,Taylor Andrews Academy of Hair Design-Hair Lab Detroit Barber School,"Southgate, MI",automatic
455008,Tricoci University of Beauty Culture-Rockford,"Rockford, IL",automatic
497471,Personal Touch Beauty and Barber College,"Kingstree, SC",automatic
447591,The College of Health Care Professions-Southwest Houston,"Houston, TX",automatic
163815,Maryland Beauty Academy of Essex,"Baltimore, MD",automatic
216940,Williamson College of the Trades,"Media, PA",automatic
379782,Center for Advanced Legal Studies,"Houston, TX",automatic
136109,Paul Mitchell the School-Jacksonville,"Jacksonville, FL",automatic
486248,ZMS The Academy,"Los Angeles, CA",automatic
203720,Ohio Business College-Sheffield,"Sheffield Village, OH",automatic
491215,Commercial Divers International,"Goodyear, AZ",automatic
457077,Milan Institute-Bakersfield,"Bakersfield, CA",automatic
444370,American Advanced Technicians Institute,"Hialeah, FL",automatic
439473,Bennett Career Institute,"Washington, DC",automatic
236744,Stylemaster College of Hair Design,"Longview, WA",automatic
457396,American Academy of Cosmetology,"Orange Park, FL",automatic
156754,PJ's College of Cosmetology-Glasgow,"Glasgow, KY",automatic
141608,Hawaii Institute of Hair Design,"Honolulu, HI",automatic
483355,Delta College of Arts & Technology-Lafayette Campus,"Lafayette, LA",automatic
476993,Medspa Academies,"South Jordan, UT",automatic
498775,Beaver Beauty Academy,"Decatur, GA",automatic
457031,Capri Beauty College,"New Lenox, IL",automatic
485014,Empire Beauty School-Buffalo,"Cheektowaga, NY",automatic
458168,The Salon Professional Academy-Onalaska,"Onalaska, WI",automatic
462017,Summit Salon Academy-Kokomo,"Kokomo, IN",automatic
461430,Advanced Training Institute,"Las Vegas, NV",automatic
234924,Paul Mitchell the School-Richland,"Richland, WA",automatic
481526,The Chrysm Institute of Esthetics,"Virginia Beach, VA",automatic
477002,Brighton Institute of Cosmetology,"Brighton, MI",automatic
497888,Spa Tech Institute-North Andover,"North Andover, MA",automatic
468769,CET-Soledad,"Soledad, CA",automatic
496371,Elite Welding Academy South Point,"South Point, OH",automatic
230214,Paul Mitchell the School-Salt Lake City,"Holladay, UT",automatic
486567,Paul Mitchell the School-Tulsa,"Tulsa, OK",automatic
452771,Dental Assistant Pro LLC-Columbus,"Westerville, OH",automatic
483744,Vibe Barber College,"Memphis, TN",automatic
219392,Sanford Medical Center,"Sioux Falls, SD",automatic
456588,Salon Success Academy-Fontana,"Fontana, CA",automatic
224013,BK Cosmo College of Cosmetology,"Kerrville, TX",automatic
185396,Lincoln Technical Institute-Union,"Union, NJ",custom
237321,Clarksburg Beauty Academy and School of Massage Therapy,"Clarksburg, WV",automatic
229656,Vogue College of Cosmetology-McAllen,"McAllen, TX",automatic
151607,Tricoci University of Beauty Culture-Lafayette,"Lafayette, IN",automatic
494649,Esteem Academy of Beauty,"South Ogden, UT",automatic
483577,Franklin Hair Academy School of Cosmetology,"Franklin, TN",automatic
491880,Independent Training & Apprenticeship Program,"Sacramento, CA",automatic
143464,Cameo Beauty Academy,"Oak Lawn, IL",automatic
455895,Tricoci University of Beauty Culture-Bridgeview,"Bridgeview, IL",automatic
476683,Athena Career Academy,"Toledo, OH",automatic
105659,Refrigeration School Inc,"Phoenix, AZ",automatic
208859,Phagans Grants Pass College of Beauty,"Grants Pass, OR",automatic
457572,Summit Salon Academy,"Anderson, IN",custom
475015,Aveda Institute-Des Moines,"West Des Moines, IA",custom
178527,Neosho Beauty College,"Neosho, MO",automatic
366155,Cloyd's Barber School 2 Inc,"Monroe, LA",automatic
495730,Tricoci University of Beauty Culture-Normal,"Normal, IL",automatic
439747,My Le's Beauty College,"Sacramento, CA",automatic
387925,Cortiva Institute,"Pompano Beach, FL",automatic
213330,Butler Beauty Academy-Kittanning Beauty Academy,"Kittanning, PA",automatic
488420,Indiana Wellness College,"Carmel, IN",automatic
171988,Ross Medical Education Center-Lansing,"Lansing, MI",automatic
497204,Mei Barber School,"Brownsville, TX",automatic
481456,Bonnie Joseph Academy of Cosmetology & Barbering,"Heber City, UT",automatic
449977,Paul Mitchell the School-Michigan,"Sterling Heights, MI",automatic
493132,Universal Technical Institute-Bloomfield,"Bloomfield, NJ",automatic
461768,Atelier Esthetique Institute of Esthetics,"New York, NY",automatic
212267,Empire Beauty School-York,"York, PA",automatic
107789,Paul Mitchell the School-Arkansas,"Fayetteville, AR",automatic
490674,Manuel and Theresa's School of Hair Design,"Brenham, TX",automatic
476489,Larry's Barber College,"Chicago, IL",automatic
494029,Lil Lou's Beauty and Barber College-Hammond,"Hammond, IN",automatic
230199,Evans Hairstyling College-Cedar City,"Cedar City, UT",automatic
493619,Young Americans College of the Performing Arts,"Corona, CA",automatic
458858,Empire Beauty School-Speedway,"Speedway, IN",automatic
483364,Delta College-Slidell Campus,"Slidell, LA",automatic
178077,Missouri College of Cosmetology and Esthetics,"Jefferson City, MO",automatic
167297,North Bennet Street School,"Boston, MA",automatic
437857,Rudae's School of Beauty Culture-Ft Wayne,"Fort Wayne, IN",automatic
441618,Leon Studio One School of Beauty Knowledge,"Williamsville, NY",automatic
146807,Steven Papageorge Hair Academy,"Chicago, IL",automatic
220163,The Hair Academy LLC,"Fayetteville, TN",automatic
449685,New Age Training,"New York, NY",automatic
461555,Aveda Institute-New Mexico,"Albuquerque, NM",automatic
451547,Manuel and Theresa's School of Hair Design-Bryan,"Bryan, TX",automatic
483425,Alexander Paul Institute of Hair Design,"Greenville, NC",automatic
158617,Crescent City Bartending School,"New Orleans, LA",automatic
365824,Ross Medical Education Center-Roosevelt Park,"Roosevelt Park, MI",automatic
219453,Stewart School,"Sioux Falls, SD",custom
218195,Kenneth Shuler School of Cosmetology and Nails-Columbia,"Columbia, SC",automatic
493691,Premier Academy of Cosmetology,"McAlester, OK",automatic
209676,Phagans Central Oregon Beauty College,"Bend, OR",automatic
480161,Ideal Beauty Academy,"Louisville, KY",automatic
177302,Pinnacle Career Institute,"Kansas City, MO",automatic
457633,L'esprit Academy,"Canton, MI",automatic
485388,Hollywood Institute of Beauty Careers-Casselberry,"Casselberry, FL",automatic
395690,Diversified Vocational College,"Los Angeles, CA",automatic
488110,Natural Images Beauty College,"Clute, TX",automatic
414540,Jean Madeline Aveda Institute,"Philadelphia, PA",automatic
499273,Galen Health Institutes-Dallas,"Richardson, TX",automatic
108852,American Academy of Dramatic Arts-Los Angeles,"Los Angeles, CA",custom
461829,Cinta Aveda Institute,"San Francisco, CA",automatic
204608,Ohio Technical College,"Cleveland, OH",automatic
480994,Aspen Beauty Academy of Laurel,"Laurel, MD",automatic
161493,Empire Beauty School-Maine,"Portland, ME",automatic
490814,Ross Medical Education Center-Portage,"Portage, MI",automatic
436632,Gwinnett College,"Raleigh, NC",automatic
117955,Lu Ross Academy,"Ventura, CA",automatic
415057,Industrial Management Training Institute,"Waterbury, CT",automatic
434159,Lincoln College of Technology-Marietta,"Marietta, GA",custom
152628,Vincennes Beauty College,"Vincennes, IN",automatic
212434,Erie Institute of Technology Inc,"Erie, PA",automatic
493150,Gould's Academy,"Bartlett, TN",automatic
401764,John Amico School of Hair Design,"Oak Forest, IL",automatic
189714,Capri Cosmetology Learning Centers,"Nanuet, NY",custom
407090,G Skin & Beauty Institute,"Oakbrook, IL",automatic
439862,Pacific Islands University,"Mangilao, GU",automatic
367981,Hair Professionals Career College,"Palos Hills, IL",automatic
113537,Dell'Arte International School of Physical Theatre,"Blue Lake, CA",automatic
498845,Heartland Welding Academy,"Andover, KS",automatic
460969,Beauty Academy of South Florida,"Hialeah Gardens, FL",automatic
455761,Paul Mitchell the School-Sacramento,"Sacramento, CA",automatic
487506,Aveda Institute-Madison,"Madison, WI",automatic
491242,Johnny Matthew's Hairdressing Training School,"Salem, OR",automatic
458131,Aveda Arts & Sciences Institute Seattle,"Seattle, WA",automatic
223056,Baldwin Beauty School-South Austin,"Austin, TX",automatic
431284,Graduate America College,"Garland, TX",automatic
165750,Rob Roy Academy-Fall River,"Fall River, MA",automatic
491224,Tricoci University of Beauty Culture-Janesville,"Janesville, WI",automatic
454607,Paul Mitchell the School-Esani,"Roswell, GA",automatic
193265,Modern Welding School,"Schenectady, NY",automatic
490249,Mobile Technical Training,"South Hackensack, NJ",automatic
249238,Paul Mitchell the School-Houston,"Houston, TX",automatic
103741,Empire Beauty School-Tucson,"Tucson, AZ",automatic
498881,One Stop Academy,"Fayetteville, NC",automatic
150853,PJ's College of Cosmetology-Clarksville,"Clarksville, IN",automatic
262369,Adrian's Beauty College of Turlock,"Turlock, CA",automatic
367103,Interactive College of Technology-Newport,"Newport, KY",automatic
492078,Chicago Professional Center,"Prospect Heights, IL",automatic
104391,Charles of Italy Beauty College,"Lake Havasu City, AZ",automatic
491932,Installer Institute,"Holly Hill, FL",automatic
217794,Charleston Cosmetology Institute,"Charleston, SC",automatic
144795,Cosmetology & Spa Academy,"Crystal Lake, IL",automatic
245980,Ponca City Beauty College,"Ponca City, OK",automatic
134529,Hollywood Institute of Beauty Careers,"Hollywood, FL",automatic
134714,International Academy,"South Daytona, FL",automatic
498368,Studio 75 Hair Academy,"Millington, TN",automatic
488271,Fosbre Academy of Hair Design,"Olympia, WA",automatic
209719,Summit Salon Academy-Portland,"Tigard, OR",automatic
479992,Brand College,"Glendale, CA",automatic
490221,MAK Beauty Institute,"Cumming, GA",automatic
455026,Omega Studios' School of Applied Recording Arts & Sciences,"Rockville, MD",automatic
461962,Northeast Technical Institute,"Scarborough, ME",automatic
485485,Latin Beauty Academy,"greenacres, FL",automatic
248527,Cloyd's Beauty School 3 Inc,"Monroe, LA",automatic
499130,Innovate Salon Academy,"Brick Township, NJ",automatic
456825,Paul Mitchell the School-Baton Rouge,"Baton Rouge, LA",automatic
374343,KC's School of Hair Design,"Pontotoc, MS",automatic
377218,School of Automotive Machinists & Technology,"Houston, TX",automatic
160126,Celebrity Stylist Beauty School,"Monroe, LA",automatic
487065,Wade Gordon Hairdressing Academy-Lubbock,"Lubbock, TX",automatic
451282,Elevate Salon Institute,"Royal Oak, MI",automatic
498951,Artisan Academy of Cosmetology,"Fort Wayne, IN",automatic
485801,Westchester School for Medical & Dental Assistants,"Ardsley, NY",automatic
199689,Paul Mitchell the School-Fayetteville,"Fayetteville, NC",automatic
498827,JT's Cuts Academy,"Fort Lauderdale, FL",automatic
494658,KC Beauty Academy,"Los Angeles, CA",automatic
494719,Tonsorial Arts Barber College,"Texarkana, TX",automatic
393861,Asian-American International Beauty College,"Westminster, CA",automatic
442888,InterCoast Colleges-Riverside,"Riverside, CA",automatic
476984,Paul Mitchell the School-Overland Park,"Overland Park, KS",automatic
442240,Paul Mitchell the School-Costa Mesa,"Costa Mesa, CA",automatic
181880,Academy of Hair Design-Las Vegas,"Las Vegas, NV",automatic
224156,Paul Mitchell the School-Dallas,"Carrollton, TX",automatic
188289,Vogue College of Cosmetology-Santa Fe,"Santa Fe, NM",automatic
451051,Academy of Massage and Bodywork,"Bear, DE",automatic
461342,Acaydia School of Aesthetics,"Provo, UT",automatic
224758,Exposito School of Hair Design,"Amarillo, TX",automatic
211316,Bucks County School of Beauty Culture Inc,"Feasterville, PA",automatic
381486,Faust Institute of Cosmetology-Spirit Lake,"Spirit Lake, IA",automatic
378886,Artistic Nails and Beauty Academy-Tampa,"Tampa, FL",automatic
480125,Ogle School Hair Skin Nails-San Antonio,"San Antonio, TX",automatic
480523,Ross Medical Education Center-Dayton,"Dayton, OH",automatic
489830,Arthur's Beauty College,"Jonesboro, AR",automatic
111708,CET-San Diego,"San Diego, CA",automatic
176062,Hatfield's Mississippi College of Beauty Culture,"Laurel, MS",automatic
444291,Empire Beauty School-Owings Mills,"Owings Mills, MD",automatic
481003,M T Training Center,"Grand Prairie, TX",automatic
485476,Studio Beauty School,"Spokane Valley, WA",automatic
212300,Empire Beauty School-Pottsville,"Pottsville, PA",automatic
451574,Aveda Institute-Provo,"Provo, UT",automatic
407151,Stage One-The Hair School,"Lake Charles, LA",automatic
215008,Pennsylvania Gunsmith School,"Pittsburgh, PA",automatic
162830,Aveda Institute-Maryland,"Bel Air, MD",custom
230205,Evans Hairstyling College-St George,"Saint George, UT",automatic
184816,Empire Beauty School-Cherry Hill,"Cherry Hill, NJ",automatic
216223,The Beauty Institute,"Stroudsburg, PA",automatic
391005,P&A Scholars Beauty School,"Detroit, MI",automatic
497365,Legends Barber College,"Lufkin, TX",automatic
381699,Cheeks Beauty Academy,"Loveland, CO",automatic
447175,Empire Beauty School-Aurora,"Aurora, CO",automatic
376677,Queen City College,"Clarksville, TN",automatic
184506,Empire Beauty School-Union,"Union, NJ",automatic
377722,Bellus Academy-Poway,"Poway, CA",automatic
107293,Academy of Salon and Spa,"Fort Smith, AR",automatic
434362,Northwest HVAC/R Training Center,"Spokane, WA",automatic
101277,New Beginning College of Cosmetology,"Albertville, AL",custom
170611,Michigan College of Beauty-Monroe,"Monroe, MI",automatic
220765,Genesis Career College-Cookeville,"Cookeville, TN",automatic
210784,The Beauty Institute-Ambler,"Ambler, PA",automatic
421771,Academy of Beauty Professionals,"Raymore, MO",automatic
492661,California College of Barbering and Cosmetology,"Stockton, CA",automatic
111726,CET-El Centro,"El Centro, CA",automatic
444404,The Beauty Institute,"West  Palm Beach, FL",automatic
497392,Top of the Line Barber School,"San Antonio, TX",automatic
157678,Empire Beauty School-Florence,"Florence, KY",automatic
498298,The Salon Professional Academy Maplewood,"Maplewood, MN",automatic
160472,LaSalle Tech,"Houma, LA",automatic
459198,Paul Mitchell the School-Fresno,"Fresno, CA",automatic
450605,Empire Beauty School-North Hills,"Pittsburgh, PA",automatic
454935,Evans Hairstyling College-Rexburg,"Rexburg, ID",automatic
449472,Delaware Learning Institute of Cosmetology,"Dagsboro, DE",automatic
446260,Evergreen Beauty and Barber College-Everett,"Everett, WA",automatic
128337,Empire Beauty School-Thornton,"Thornton, CO",automatic
432269,CET-El Paso,"El Paso, TX",automatic
377193,UCAS University of Cosmetology Arts & Sciences,"San Antonio, TX",automatic
493558,Central Pennsylvania Diesel Institute,"Liverpool, PA",automatic
499608,Wade Gordon Hairdressing Academy-Oklahoma,"Oklahoma City, OK",automatic
418968,Tint School of Makeup and Cosmetology-Dallas,"Grand Prairie, TX",automatic
458812,Empire Beauty School-Nashville,"Brentwood, TN",automatic
461740,Buckner Barber School,"Dallas, TX",automatic
495794,Paul Mitchell the School-Murfreesboro-Nashville,"Hendersonville, TN",automatic
495253,Durant Institute of Hair Design,"Durant, OK",automatic
449597,Ideal Beauty Academy,"Jeffersonville, IN",automatic
170736,M J Murphy Beauty College of Mount Pleasant,"Mount Pleasant, MI",automatic
189990,"Christine Valmy International School for Esthetics, Skin Care & Makeup","New York, NY",automatic
496663,Riggins Urban Barber College,"San Diego, CA",automatic
138822,Georgia Career Institute,"Conyers, GA",automatic
490300,Cutting Edge Academy,"Succasunna, NJ",automatic
381255,CET-Coachella,"Coachella, CA",automatic
490522,Allgood Beauty Institute,"Frisco, TX",automatic
373216,Pivot Point Academy,"Bloomingdale, IL",custom
454759,Borner's Barber College,"Los Angeles, CA",automatic
115658,Hilltop Beauty School,"Daly City, CA",automatic
461874,First Class Cosmetology School,"Beloit, WI",automatic
454926,Paul Mitchell the School-Atlanta,"Atlanta, GA",custom
497198,Academy of Allied Health Careers,"Chattanooga, TN",automatic
209153,Phagans Medford Beauty School,"Medford, OR",automatic
417600,Hastings Beauty School,"Hastings, MN",automatic
499334,Aveda Institute Tucson-Avondale,"Avondale, AZ",automatic
139506,Pro Way Hair School,"Stone Mountain, GA",automatic
114460,Federico Beauty Institute,"Sacramento, CA",automatic
149204,Educators of Beauty College of Cosmetology-Sterling,"Sterling, IL",automatic
492953,Salon Success Academy-West Covina,"West Covina, CA",automatic
454768,Paul Mitchell the School-Pasadena,"Pasadena, CA",automatic
172680,Paul Mitchell the School-Grand Rapids,"Kentwood, MI",automatic
207704,Jenks Beauty College,"Jenks, OK",automatic
106908,Paul Mitchell the School-Little Rock,"North Little Rock, AR",automatic
483911,Creative Touch Cosmetology School,"Waterloo, IL",automatic
488192,DeHart Technical School,"Modesto, CA",automatic
486859,Entourage Institute of Beauty and Esthetics,"Lincoln, NE",automatic
451626,Victoria's Academy of Cosmetology,"Kennewick, WA",automatic
459170,Paul Mitchell the School-Modesto,"Modesto, CA",automatic
488411,Hoss Lee Academy,"Roseville, CA",automatic
154466,SOHO Hair Academy,"Council Bluffs, IA",automatic
368230,Empire Beauty School-Bloomfield,"Bloomfield, NJ",automatic
209694,Phagans School of Beauty,"Salem, OR",automatic
364760,Bell Mar Beauty College,"Cicero, IL",automatic
499723,Barber Tech Academy-Columbia,"Columbia, SC",automatic
476559,Vogue College of Cosmetology,"San Antonio, TX",automatic
106494,Arthur's Beauty College,"Jacksonville, AR",automatic
489131,Academy of Beauty Professionals,"Appleton, WI",automatic
237127,Appalachian Beauty School,"Belfry, KY",automatic
476841,Paul Mitchell the School-Reno,"Reno, NV",automatic
194435,Continental School of Beauty Culture-West Seneca,"West Seneca, NY",automatic
145309,Gem City College,"Quincy, IL",automatic
117238,Lancaster Beauty School,"Lancaster, CA",automatic
457323,Paul Mitchell the School-Temecula,"Temecula, CA",automatic
153463,American Hair Academy,"Mt. Pleasant, IA",automatic
211334,Butler Beauty Academy,"Butler, PA",automatic
483346,Barber and Beauty Academy of Pennsylvania,"Harrisburg, PA",automatic
462071,Paul Mitchell the School-Spokane,"Spokane Valley, WA",automatic
493655,Montana Barber Institute,"El Paso, TX",automatic
485236,Fountain of Youth Academy of Cosmetology,"Pittsburgh, PA",automatic
176716,House of Heavilin Beauty College-Blue Springs,"Blue Springs, MO",automatic
455831,Medical Institute of Palm Beach,"Greenacres, FL",automatic
443289,Tigi Hairdressing Academy-Colorado Springs,"Colorado Springs, CO",automatic
457192,Washington Barber College Inc,"Little Rock, AR",automatic
183202,Paul Mitchell the School-Portsmouth,"Portsmouth, NH",custom
498854,Jazz Barber and Hairstyling Academy,"Petersburg, VA",automatic
488998,Paul Mitchell the School-Nampa,"Nampa, ID",automatic
490425,Ann Webb Skin Institute,"Austin, TX",automatic
484075,First Coast Barber Academy,"Jacksonville, FL",automatic
457448,Tenaj Salon Institute,"The Villages, FL",custom
172015,Ross Medical Education Center-Flint,"Flint, MI",automatic
260965,Educators of Beauty College of Cosmetology-Rockford,"Rockford, IL",automatic
460996,The Salon Professional Academy-St Charles,"St. Charles, MO",automatic
460534,Milan Institute of Cosmetology-El Paso,"El Paso, TX",automatic
382780,Genesis Career College-Lebanon,"Lebanon, TN",automatic
450641,Empire Beauty School-Hooksett,"Hooksett, NH",automatic
104443,Empire Beauty School-Chandler,"Chandler, AZ",automatic
452780,Dental Assistant Pro-Lebanon,"Lebanon, OH",automatic
461908,The Salon Professional Academy-Kenosha,"Kenosha, WI",automatic
457749,Montana Academy of Salons,"Great Falls, MT",automatic
491899,Victory Career College,"Carson, CA",automatic
222105,William R Moore College of Technology,"Memphis, TN",automatic
443030,NorthShore University HealthSystem School of Nurse Anesthesia,"Evanston, IL",automatic
212230,Empire Beauty School-Lebanon,"Lebanon, PA",automatic
199980,Winston Salem Barber School,"Winston-Salem, NC",automatic
497383,Barbers Trade School,"Beaumont, TX",automatic
233666,Staunton School of Cosmetology,"Staunton, VA",automatic
152150,PJ's College of Cosmetology-Richmond,"Richmond, IN",automatic
410964,EINE Inc,"Tewksbury, MA",automatic
400187,Advance Beauty College,"Garden Grove, CA",custom
383279,Robert Fiance Beauty Schools-North Plainfield,"North Plainfield, NJ",automatic
497301,Avalon Institute-Las Vegas,"Las Vegas, NV",automatic
476887,Elaine Sterling Institute,"Atlanta, GA",automatic
459064,Empire Beauty School-Pineville,"Charlotte, NC",automatic
495518,Empire Beauty School-Newport News,"Newport News, VA",automatic
367088,Tricoci University of Beauty Culture LLC-Bloomington,"Bloomington, IN",automatic
478917,Hays Academy of Hair Design,"Salina, KS",automatic
485397,Empire Beauty School-Cheltenham,"Wyncote, PA",automatic
475653,Reflections Academy of Beauty,"Decatur, IL",automatic
444936,Turning Point Beauty College,"Casa Grande, AZ",automatic
499556,Albany Beauty Academy,"Albany, GA",automatic
441256,Design's School of Cosmetology,"Paso Robles, CA",custom
487384,Florida Career College-Pembroke Pines,"Pembroke Pines, FL",automatic
197337,Westchester School of Beauty Culture,"Mount Vernon, NY",custom
481137,Shepherds College,"Union Grove, WI",automatic
491747,UR Beauty & Barber Academy,"Sebring, FL",automatic
461494,Taylor Andrews Academy of Hair Design-West Jordan,"West Jordan, UT",automatic
261436,Douglas J Aveda Institute,"East Lansing, MI",custom
444857,Skinworks School of Advanced Skincare,"Salt Lake City, UT",automatic
111744,CET-Colton,"Colton, CA",automatic
496539,The  Salon Professional Academy of Holland,"Holland, MI",automatic
480310,Empire Beauty School-Glen Burnie,"Glen Burnie, MD",automatic
212328,Empire Beauty  School-Lehigh Valley,"Whitehall, PA",automatic
491552,Christina and Company Education Center,"Lafayette, IN",automatic
481678,Empire Beauty School-Augusta,"Augusta, GA",automatic
494001,Elevate Salon Institute,"Durham, NC",automatic
487436,Florida Career College-Jacksonville,"Jacksonville, FL",automatic
109730,Associated Technical College-San Diego,"San Diego, CA",automatic
489247,American Beauty Academy-West Valley Campus,"West Valley City, UT",automatic
497435,Southern California College of Barber and Beauty,"Escondido, CA",automatic
486691,Empire Beauty School-Northlake,"Atlanta, GA",automatic
450599,Empire Beauty School-Richmond,"Richmond, VA",automatic
451097,Academy of Career Training,"Kissimmee, FL",automatic
161855,Baltimore Studio of Hair Design,"Baltimore, MD",automatic
454722,Academy of Esthetics and Cosmetology,"San Fernando, CA",automatic
118958,Modern Beauty Academy,"Oxnard, CA",automatic
496423,Zorganics Institute of Beauty and Wellness,"Bellingham, WA",automatic
479974,Advance Beauty Techs Academy,"San Jacinto, CA",automatic
448424,Broken Arrow Beauty College,"Tulsa, OK",automatic
421665,Cadillac Institute of Cosmetology,"Cadillac, MI",automatic
459541,American Beauty Academy,"Payson, UT",automatic
145433,Hair Professionals School of Cosmetology,"Oswego, IL",automatic
491905,Winonah's International School of Cosmetology,"Hoover, AL",automatic
112455,Coba Academy,"Anaheim, CA",automatic
448026,The Salon Professional Academy-Fargo,"Fargo, ND",automatic
369446,Rosel School of Cosmetology,"Niles, IL",automatic
482981,Alamo City Barber College,"San Antonio, TX",automatic
488369,Premier Barber Institute,"Norristown, PA",automatic
407179,Empire Beauty School-Malden,"Malden, MA",automatic
153764,La James International College-Johnston,"Johnston, IA",automatic
461193,Bella Capelli Academy,"Monroeville, PA",automatic
450614,Empire Beauty School-Concord,"Concord, NC",automatic
407708,KaiStar,"Federal Way, WA",custom
118143,Lyle's College of  Beauty,"Fresno, CA",automatic
481331,Sharp Edgez Barber Institute,"Rochester, NY",automatic
153597,Iowa School of Beauty-Des Moines,"Des Moines, IA",automatic
455187,Total Image Beauty Academy,"Union City, NJ",automatic
480727,School of Missionary Aviation Technology,"Ionia, MI",automatic
455381,Skin Science Institute,"Sandy, UT",automatic
427335,Lia Schorr Institute of Cosmetic Skin Care Training,"New York, NY",automatic
493372,Urban Academy of Beauty,"Rio Rancho, NM",automatic
493567,Bellasa Professional Institute,"Miami Springs, FL",automatic
445540,Arthur's Beauty College,"Conway, AR",automatic
110875,California Beauty School,"Modesto, CA",automatic
467094,Continental School of Beauty Culture-Mattydale,"Mattydale, NY",automatic
461272,Mandalyn Academy,"American Fork, UT",automatic
180090,Crevier's Academy of Cosmetology Arts,"Kalispell, MT",automatic
168892,Bayshire Academy of Beauty Craft Inc,"Bay City, MI",automatic
487311,Jones Technical Institute,"Jacksonville, FL",automatic
497684,Sweetwater Institute of Cosmetology,"Sweetwater, TN",automatic
207786,Southern School of Beauty Inc,"Durant, OK",automatic
458043,DuVall's School of Cosmetology,"Bedford, TX",automatic
185767,Robert Fiance Beauty Schools-West New York,"West New York, NJ",automatic
491835,Salon Professional Academy of San Antonio,"San Antonio, TX",automatic
169284,Empire Beauty School-Michigan,"Grand Rapids, MI",automatic
239877,State College of Beauty Culture Inc,"Wausau, WI",automatic
481340,The Salon Professional Academy-Nashville,"Nashville, TN",automatic
484020,Beyond Measure Barbering Institute,"Mebane, NC",automatic
154545,The Salon Professional Academy-Cedar Falls,"Cedar Falls, IA",automatic
492148,Elite Beauty College,"Muskogee, OK",automatic
461917,Paul Mitchell the School-Indianapolis,"Indianapolis, IN",automatic
497356,Barber Education Academy,"Laredo, TX",automatic
173744,Aveda Arts & Sciences Institute Minneapolis,"Minneapolis, MN",automatic
474915,Avalon Institute-Phoenix,"Phoenix, AZ",automatic
444662,Moore Career College,"Baton Rouge, LA",automatic
212276,Empire Beauty School-Lancaster,"Lancaster, PA",automatic
461607,Elite Cosmetology School,"PALM DESERT, CA",automatic
415039,Empire Beauty School-Hanover,"Hanover, PA",automatic
371830,CRU Institute of Cosmetology and Barbering,"Garden Grove, CA",automatic
108065,Velvatex College of Beauty Culture,"Little Rock, AR",automatic
455725,Studio Academy of Beauty,"Chandler, AZ",automatic
488031,Abraham Lincoln University,"Glendale, CA",automatic
491136,Empire Beauty School-Tampa,"Tampa, FL",automatic
235352,Toni & Guy Hairdressing Academy-Shoreline,"Shoreline, WA",automatic
245281,Traxlers School of Hair,"Jackson, MS",automatic
454874,Cozmo Beauty School,"Bonita Springs, FL",automatic
459231,Paul Mitchell the School-East Bay,"Pleasant Hill, CA",automatic
175120,Summit Academy Opportunities Industrialization Center,"Minneapolis, MN",automatic
125082,Bridges Beauty College,"Victorville, CA",automatic
486442,Sandra Academy of Salon Services,"New Tazewell, TN",automatic
492652,KCK Beauty & Barber Academy,"Jacksonville, FL",automatic
452887,Elite Welding Academy LLC,"Cincinnati, OH",automatic
209083,Northwest College-Beaverton,"Beaverton, OR",automatic
219125,Paul Mitchell the School-Rapid City,"Rapid City, SD",automatic
487922,Image Maker Beauty Institute,"Hendersonville, TN",automatic
491075,Arkansas Welding Academy,"Jacksonville, AR",automatic
447449,Academy of Hair Design-Jasper,"Jasper, TX",automatic
155159,Hays Academy of Hair Design,"Hays, KS",automatic
447883,American Institute of Beauty,"Largo, FL",automatic
498863,Renaissance Beauty Academy,"Cape Girardeau, MO",automatic
481067,World A Cuts Barber Institute,"York, PA",automatic
246460,Central Texas Beauty College-Round Rock,"Round Rock, TX",automatic
476869,Austin Kade Academy,"Idaho Falls, ID",automatic
148098,Professional's Choice Hair Design Academy,"Joliet, IL",automatic
146454,Educators of Beauty College of Cosmetology-Peru,"PERU, IL",automatic
493576,PMCA Pittsburgh Multicultural Cosmetology Academy,"Pittsburgh, PA",automatic
475228,The Colleges of Law at Santa Barbara,"Santa Barbara, CA",custom
428125,John Wesley International Barber and Beauty College,"Long Beach, CA",automatic
216579,Venus Beauty Academy,"Sharon Hill, PA",automatic
481739,Empire Beauty School-Vernon Hills,"Vernon Hills, IL",automatic
448895,Milan Institute-Clovis,"Clovis, CA",automatic
187505,Olympian Academy of Cosmetology,"LAS CRUCES, NM",automatic
490717,L Makeup Institute,"Las Vegas, NV",automatic
495411,Paul Mitchell the School-Provo,"Provo, UT",automatic
487959,Dalton Institute of Esthetics and Cosmetology,"Dalton, GA",automatic
147819,Oehrlein School of Cosmetology,"East Peoria, IL",automatic
439686,International Training Careers,"Miami, FL",automatic
456001,Advanced Welding Institute,"South Burlington, VT",automatic
483957,Lawrence & Company College of Cosmetology,"Selma, CA",automatic
483276,JB's Hair Design and Barber College,"Oklahoma City, OK",automatic
408163,Pinnacle Institute of Cosmetology,"Mooresville, NC",automatic
480842,Shear Finesse Beauty Academy,"Jacksonville, FL",automatic
213491,Lansdale School of Cosmetology Inc,"Lansdale, PA",automatic
458867,Empire Beauty School-Morrow,"Morrow, GA",automatic
442295,Ave Maria School of Law,"Naples, FL",automatic
493628,Pro Beauty Academy,"Edison, NJ",automatic
498401,Edge Academy of Beauty,"Manchester, KY",automatic
114637,Redondo Beach Beauty College,"Torrance, CA",automatic
372356,Avalon Institute-Aurora,"Aurora, CO",automatic
123970,Southwestern Law School,"Los Angeles, CA",automatic
485166,Beau Monde Academy of Barbering and Cosmetology,"Portland, OR",automatic
497499,Technology Learning Center,"Oxford, MA",automatic
443252,South Florida Institute of Technology,"Miami, FL",automatic
488396,Phipps Academy of Barbering,"Richton Park, IL",automatic
409032,Nouvelle Institute,"Miami, FL",automatic
204723,Ohio State College of Barber Styling,"Columbus, OH",automatic
455105,Mississippi Institute of Aesthetics Nails & Cosmetology,"Clinton, MS",automatic
247047,The Salon Professional Academy-Nampa,"Nampa, ID",automatic
126049,Thomas Jefferson School of Law,"San Diego, CA",automatic
114761,Fredrick and Charles Beauty College,"Eureka, CA",automatic
487472,Florida Career College-Orlando,"Orlando, FL",automatic
461333,Mauna Loa Helicopters,"Kailua Kona, HI",automatic
138929,Atlanta's John Marshall Law School,"Atlanta, GA",automatic
481845,Empire Beauty School-Rochester,"Rochester, NY",automatic
212753,Empire Beauty School-NE Philadelphia,"Philadelphia, PA",automatic
182704,Empire Beauty School-Laconia,"Laconia, NH",automatic
190682,CUNY School of Law,"Long Island City, NY",automatic
461944,Protege Academy,"East Lansing, MI",automatic
455284,Paul Mitchell the School-Cincinnati,"Cincinnati, OH",automatic
373696,Rob Roy Academy-Worcester,"Worcester, MA",automatic
450988,Coastline Beauty College,"Fountain Valley, CA",automatic
212294,Empire Beauty School-Shamokin Dam,"Shamokin Dam, PA",automatic
182829,University of New Hampshire-Franklin Pierce School of Law,"Concord, NH",automatic
217828,Charzanne Beauty College,"Greenwood, SC",automatic
499705,Tulsa Welding School-Dallas Campus,"Irving, TX",automatic
476629,Salon Institute-Toledo Campus,"Toledo, OH",automatic
489122,Academy of Beauty Professionals,"Madison, WI",automatic
491066,Strand Institute of Beauty & Esthetics,"Portland, TX",automatic
212337,Empire Beauty School-Gwinnett,"Lawrenceville, GA",automatic
493752,Health-Tech Institute of Memphis,"Memphis, TN",automatic
495369,Paul Mitchell the School-Fort Lauderdale,"Plantation, FL",automatic
374316,Academy of Hair Design-Jackson,"Jackson, MS",automatic
179195,Salem College of Hairstyling,"Rolla, MO",automatic
475662,UCAS University of Cosmetology Arts & Sciences-La Joya,"La Joya, TX",automatic
107442,New Tyler Barber College Inc,"North Little Rock, AR",automatic
484862,University of West Los Angeles,"Inglewood, CA",automatic
460765,Carolina College of Hair Design Inc,"Asheville, NC",automatic
497161,Ohio Business College-Dayton-Driving Academy,"Trotwood, OH",automatic
417725,Central College of Cosmetology,"Saint Robert, MO",automatic
417503,Crave Beauty Academy,"Wichita, KS",automatic
461838,Long Island Nail Skin & Hair Institute,"Bethpage, NY",automatic
118161,Lytles Redwood Empire Beauty College,"Santa Rosa, CA",automatic
475486,Paul Mitchell the School-Arlington,"Arlington, TX",automatic
483559,Bella Cosmetology and Barber College,"Greenville, TX",automatic
456551,"Josef's School of Hair, Skin & Body-Fargo","Fargo, ND",automatic
189219,Berk Trade and Business School,"Long Island City, NY",automatic
448071,Aveda Arts & Sciences Institute-New York,"New York, NY",automatic
488022,Barber Tech Academy,"Orangeburg, SC",automatic
114947,Gemological Institute of America-Carlsbad,"Carlsbad, CA",automatic
444440,Blue Cliff Career College,"Mobile, AL",automatic
459295,The Salon Professional Academy-Colorado Springs,"Colorado Springs, CO",automatic
496724,Aesthetics Institute,"St. Louis, MO",automatic
484048,Barber Institute of Texas,"Longview, TX",automatic
448257,Avi Career Training,"Great Falls, VA",automatic
487427,Florida Career College-Tampa,"Tampa, FL",automatic
476610,Barber & Beauty Institute of New York,"Hempstead, NY",automatic
451529,Elite College of Cosmetology,"Lexington, TN",automatic
215530,The Salon Professional Academy-Altoona,"Altoona, PA",automatic
481748,Empire Beauty School-Stone Park,"Stone Park, IL",automatic
125037,The Colleges of Law at Ventura,"Ventura, CA",custom
495776,Elite Welding Academy,"Houston, TX",automatic
457475,Keune Academy by 124,"Lawrenceville, GA",automatic
209205,Northwest College-Clackamas,"Happy Valley, OR",automatic
457581,Eric Fisher Academy,"Wichita, KS",automatic
228194,South Texas College of Law Houston,"Houston, TX",custom
444486,Paul Mitchell the School-Gastonia,"Gastonia, NC",automatic
486169,American College of Barbering,"Louisville, KY",automatic
484093,Paul Mitchell the School-Farmington Hills,"Farmington Hills, MI",automatic
447148,Empire Beauty School-Avondale,"Avondale, AZ",automatic
496575,Dymond Designs Beauty School,"Detroit, MI",automatic
409616,Roger Williams University School of Law,"Bristol, RI",automatic
476063,Tulsa Welding School-Jacksonville,"Jacksonville, FL",automatic
481128,Santa Ana Beauty College,"Santa Ana, CA",automatic
494995,Meryma'at Barber College,"Cleveland, OH",automatic
188535,Albany Law School,"Albany, NY",custom
493956,Cal Northern School of Law,"Chico, CA",automatic
491853,Princess Institute of Beauty,"Reedley, CA",automatic
420981,Manhattan School of Computer Technology,"Brooklyn, NY",automatic
193821,New York Law School,"New York, NY",custom
461388,Diamonds College,"Sherman, TX",automatic
111391,California Western School of Law,"San Diego, CA",automatic
123448,Trinity Law School,"Santa Ana, CA",custom
167215,New England Law-Boston,"Boston, MA",automatic
189501,Brooklyn Law School,"Brooklyn, NY",automatic
160597,Stevensons Academy of Hair Design,"New Orleans, LA",automatic
491394,Miller-Motte College-STVT-Arlington,"Arlington, TX",automatic
451255,DiGrigoli School of Cosmetology,"West Springfield, MA",automatic
490294,"Elite Cosmetology, Barber & Spa Academy","Yakima, WA",automatic
231147,Vermont Law and Graduate School,"South Royalton, VT",custom
440916,Southern University Law Center,"Baton Rouge, LA",automatic
382461,Academy of Hair Design-Pearl,"Pearl, MS",automatic
369002,Massachusetts School of Law,"Andover, MA",automatic
191311,Gemological Institute of America-New York,"New York, NY",automatic
172477,Thomas M Cooley Law School,"Lansing, MI",custom
127954,Montessori Education Center of the Rockies,"Denver, CO",automatic
490531,Ray J's College of Hair,"Baton Rouge, LA",automatic
122649,San Joaquin College of Law,"Clovis, CA",automatic
451510,Charleston School of Law,"Charleston, SC",automatic
228219,Miller-Motte College-STVT-McAllen,"McAllen, TX",automatic
168573,Northwestern Technological Institute,"Southfield, MI",automatic
483382,Electrical and HVAC/R Training Center,"Copiague, NY",automatic
110398,University of California College of the Law-San Francisco,"San Francisco, CA",custom
175281,Mitchell Hamline School of Law,"Saint Paul, MN",automatic
432348,Appalachian School of Law,"Grundy, VA",automatic
